手続名称,書類正式名称,担当課,担当係,場所,用途,留意事項,電話番号,URL,電子申請
「ねりま情報メール」の登録申込み,,広聴広報課,広報調整係,本庁舎7階,ねりま情報メールから防災気象情報等のメール受信を希望する場合に、区へ登録申し込みする手続き,通信料は自己負担,(03)5984-1283,https://www.city.nerima.tokyo.jp/kusei/koho/mail/nerima_mail.html,
区民のひろば申込,ねりま区報「区民のひろば」掲載申込書,広聴広報課,広報係,本庁舎7階,ねりま区報にサークルの紹介を希望する場合に、区に届け出る手続き,掲載予定の広告見本が必要,(03)5984-2690,https://www.city.nerima.tokyo.jp/kusei/koho/kuho/hiroba.html,"https://www.city.nerima.tokyo.jp/cgi-bin/form_enq/formmail.cgi?d=hiroba-reikai,https://www.city.nerima.tokyo.jp/cgi-bin/form_enq/formmail.cgi?d=hiroba-hiduke"
ねりま区報送付サービス,ねりま区報送付サービス申込書,広聴広報課,広報係,本庁舎7階,区民が、ねりま区報の送付を依頼する場合に、区に届け出る手続き,,(03)5984-2690,https://www.city.nerima.tokyo.jp/kusei/koho/kuho/souhu.html,https://www.city.nerima.tokyo.jp/cgi-bin/formmail/formmail.cgi?d=kuho_sohu
専門相談の予約,様式なし,広聴広報課,相談担当係,東庁舎5階,区民が日常生活で抱える悩みや問題について、各種専門相談員への相談を希望する場合に、区に申し込む手続き,,(03)5984-4523,https://www.city.nerima.tokyo.jp/kurashi/iken/kakushusodan/kuminsodan/index.html,
被災証明書交付申請,被災証明書交付申請書,危機管理課,防災調整係,本庁舎7階,区内で発生した災害によって被災した区民等からの申請により、被害の状況を調査し、被害の事実を証明する。,区長が必要と認める書類が必要,(03)5984-1686,https://www.city.nerima.tokyo.jp/kurashi/bosai/risaisyoumei.html,
被災届出証明書交付申請,被災届出証明書交付申請書,危機管理課,防災調整係,本庁舎7階,区内で発生した災害によって被災した区民等からの申請により、災害によって被害を受けたことを区長に届け出た事実を証明する。,"災害によって受けた被害の状況が分かる写真が必要
・区長が必要と認める書類",(03)5984-1686,https://www.city.nerima.tokyo.jp/kurashi/bosai/risaisyoumei.html,
り災証明書交付申請,り災証明書交付申請書,危機管理課,防災調整係,本庁舎7階,区内で発生した災害によって被災した区民等からの申請により、被害の状況を調査し、被害の程度を証明する。,区長が必要と認める書類が必要,(03)5984-1686,https://www.city.nerima.tokyo.jp/kurashi/bosai/risaisyoumei.html,
災害見舞金,被災状況届,危機管理課,防災調整係,本庁舎7階,区内で発生した災害救助法の適用に至らない災害において、被害を受けた区民等の届出により、被害状況を調査し見舞金等を支給する。,,(03)5984-1686,https://www.city.nerima.tokyo.jp/kurashi/bosai/kasai/mimaikin.html,
ブロック塀等撤去費用助成金交付申請,練馬区ブロック塀等撤去費用助成金交付申請書,危機管理課,防災調整係,本庁舎7階,要件に該当する場合に区内のブロック塀等の撤去に要する費用の一部を助成する。,"案内図　配置図　ブロック塀等の現況および撤去後の概要図　現況写真　危険度チェックリスト　工事見積書の写し（撤去に係る費用が確認できるもの）住民税納税証明書、法人住民税納税証明書等
ブロック塀等の所有者であることが分かる書類　
履歴事項全部証明書（法人の場合）　
委任状（工事を本人名義で契約し、申請手続や助成金の請求・受領を委任する場合）
承諾書（工事を第三者名義で契約し、申請手続や助成金の請求・受領を第三者が行う場合）
",(03)5984-1686,https://www.city.nerima.tokyo.jp/kurashi/bosai/jishinsonae/burokkubeitekyyo.html,
防犯ブザーの配布,防犯ブザー申込書,危機管理課,安全安心係,本庁舎7階,小・中学生、65歳以上の高齢者に防犯ブザーを配布する。,,(03)5984-1027,https://www.city.nerima.tokyo.jp/kurashi/bosai/bohan/bouhanbuza-.html,
安全・安心パトロールカー貸出申込,練馬区安全・安心パトロールカー貸出申込書（第１号様式）,危機管理課,安全安心係,本庁舎7階,パトロール団体等が安全・安心パトロールカーの貸出をするための手続き,,(03)5984-1027,https://www.city.nerima.tokyo.jp/kurashi/bosai/bohan/patrolcar/rental.html,
安全・安心パトロールカー貸出報告,練馬区安全・安心パトロールカー貸出報告書（第３号様式）,危機管理課,安全安心係,本庁舎7階,パトロール団体等が安全・安心パトロールカーの貸出報告をするための手続き,,(03)5984-1027,https://www.city.nerima.tokyo.jp/kurashi/bosai/bohan/patrolcar/rental.html,
練馬区災害ボランティア登録申請,練馬区災害ボランティア登録申請書,区民防災課,,本庁舎7階,"区内で震度５弱以上の地震が発生した場合に、避難拠点において安否確認等被災者に対する支援活動を行う「練馬区災害ボランティア」の登録をする手続き
",,(03)5984-2601,https://www.city.nerima.tokyo.jp/kurashi/bosai/oshirase/20141301.html,
ねりま防災カレッジ各種講座の参加者募集,様式なし,区民防災課,防災学習センター,光が丘6-4-1,ねりま防災カレッジにて開催する各種防災講座の参加者募集の手続き,,(03)5997-6471,https://www.city.nerima.tokyo.jp/kurashi/bosai/bo_college/nerimabousaikouza.html,
英文証明,英文証明願,総務課,総務係,本庁舎6階,練馬区が発行する日本語の証明書（住民票の写し等）を、お客様が英訳したものについて、証明書の内容と照らし合わせ、記載内容に誤りのないことを練馬区が証明する手続き,日本語の証明書が必要,(03)5984-2600,https://www.city.nerima.tokyo.jp/dl/koseki/eibunshoumei.html,
町名・地番変更証明,様式なし,総務課,総務係,本庁舎6階,住居表示実施（昭和38年2月1日?）以前の町丁名・地番の変更について証明する手続き,,(03)5984-2600,https://www.city.nerima.tokyo.jp/dl/koseki/eibunshoumei.html,
練馬区役所会議室の利用申請,様式なし,総務課,庁舎管理係,本庁舎1階,区民等が練馬区役所本庁舎内の空き会議室を利用する際に必要な申請手続,利用月3か月前の月の初日（土日祝の場合、翌営業日）より受付,(03)5984-1091,https://www.city.nerima.tokyo.jp/shisetsu/ku/ku/kaigishitsu_h25.html,
練馬区登録統計調査員の登録,,総務課,統計係,光が丘区民センター7階,練馬区登録統計調査員の登録に係る手続き,直接統計係へ連絡,(03)5997-7724,https://www.city.nerima.tokyo.jp/dl/kuseisanka/tourokutoukeityousa.html,
練馬区登録統計調査員の変更,練馬区登録調査員　登録内容変更届,総務課,統計係,光が丘区民センター7階,練馬区登録統計調査員の変更に係る手続き,,(03)5997-7724,https://www.city.nerima.tokyo.jp/dl/kuseisanka/tourokutoukeityousa.html,
練馬区登録統計調査員の辞退,練馬区登録調査員　登録抹消届,総務課,統計係,光が丘区民センター7階,練馬区登録統計調査員の辞退に係る手続き,,(03)5997-7724,https://www.city.nerima.tokyo.jp/dl/kuseisanka/tourokutoukeityousa.html,
審査請求,審査請求書（様式自由）,文書法務課,文書法務担当係,本庁舎6階,行政不服審査法に基づき、行政庁の処分等により自己の権利または利益を侵害された者が審査庁に不服を申し立てる手続,（ある場合は）法人の代表者等の資格を証明する書類、委任状、処分通知の写しなどが必要,(03)5984-2643,https://www.city.nerima.tokyo.jp/kusei/fufuku/sinsaseikyuu.html,
審査請求,法律により記載要件が定められており、法施行令により審査請求書の例示がある。,情報公開課,,西庁舎10階,行政不服審査法に基づき、行政庁の処分等により自己の権利または利益を侵害された者が審査庁に不服を申し立てる手続,,(03)5984-4513,https://www.city.nerima.tokyo.jp/kusei/johokokai/johokokai/gaiyo.html,
公文書公開請求,公文書公開請求書,情報公開課,,西庁舎10階,公文書の公開を求める旨の請求手続き,,(03)5984-4513,https://www.city.nerima.tokyo.jp/kusei/johokokai/johokokai/gaiyo.html,https://www.city.nerima.tokyo.jp/kusei/johokokai/kokai/index.html
寄付金申込,寄付申込書,経理用地課,管財係,東庁舎3階,寄付金の申込み、寄付金納付,申込書での寄付を希望の方は管財係へ連絡,(03)5984-2807,https://www.city.nerima.tokyo.jp/kurashi/kuseisanka/kifu/kifunogoannai.html,https://www.furusato-tax.jp/city/product/13120
男女共同参画センターの施設利用申請,,人権・男女共同参画課,男女共同参画担当係,東庁舎5階,施設および備付器具の利用についての申請（利用者から指定管理者への申請）,,(03)5984-4518,https://www.city.nerima.tokyo.jp/shisetsu/bunka/sankakucenter/yell.html,https://www.city.nerima.tokyo.jp/kankomoyoshi/shogaigakushu/shisetsu_yoyaku/shisetsu_yoyaku.html
会計年度任用職員採用選考,登録申込書,職員課,会計年度職員係,本庁舎6階,会計年度任用職員採用選考の募集,,(03)5984-1601,https://www.city.nerima.tokyo.jp/kusei/saiyo/kaikei.html,https://www.shinsei.elg-front.jp/tokyo2/navi/procInfo.do?fromAction=4&govCode=13120&keyWord=%E4%BC%9A%E8%A8%88%E5%B9%B4%E5%BA%A6&procCode=11006557
転入届,転入・転居届,,,各区民事務所,区外から練馬区へ引っ越した際に、区へ転入する旨を届け出る手続き,窓口に来所する方の本人確認書類と転出証明書が必要,,https://www.city.nerima.tokyo.jp/kurashi/koseki/kiroku/tennyu.html,
転居届,転入・転居届,,,各区民事務所,練馬区内で引っ越した際に、区へ転居する旨を届け出る手続き,窓口に来所する方の本人確認書類が必要,,https://www.city.nerima.tokyo.jp/kurashi/koseki/kiroku/tenkyo.html,
転出届,転出届,,,各区民事務所,区外へ引っ越した際に、区へ転出する旨を届け出る手続き,窓口に来所する方の本人確認書類が必要,,https://www.city.nerima.tokyo.jp/kurashi/koseki/kiroku/tenshutsu.html,https://myna.go.jp/
世帯変更届,世帯変更届,,,各区民事務所,世帯構成が変わった際に、区へその変更を申し出る手続き,窓口に来所する方の本人確認書類が必要,,https://www.city.nerima.tokyo.jp/kurashi/koseki/kiroku/setaihenko.html,
住民票の写しの交付,住民票の写し等の交付申請書,,,各区民事務所,練馬区内に住民票がある方の、住民票の写しを交付する手続き,窓口に来所する方の本人確認書類が必要,,https://www.city.nerima.tokyo.jp/kurashi/koseki/utsushi/madogutikoufu-honnin.html,https://logoform.jp/form/G2rU/346134
住民票記載事項証明書の交付,住民票の写し等の交付申請書,,,各区民事務所,練馬区内に住民票がある方の住民票の記載事項に関する証明書を交付する手続き,窓口に来所する方の本人確認書類が必要,,https://www.city.nerima.tokyo.jp/kurashi/koseki/utsushi/shomei.html,https://logoform.jp/form/G2rU/346140
不在住証明書の交付,住民票の写し等の交付申請書,,,各区民事務所,該当住所に該当者が住んでいないことの証明書を交付する手続き,自署が不可能な場合には認印が必要,,https://www.city.nerima.tokyo.jp/kurashi/koseki/utsushi/fuzaiju.html,
広域交付住民票の写しの交付,広域交付住民票の交付申請書,,,各区民事務所,練馬区外に住民票がある方の、住民票の写しを交付する手続き,本人確認書類が必要,,https://www.city.nerima.tokyo.jp/kurashi/koseki/utsushi/koikikofu_kumingai.html,
住民基本台帳閲覧申出,住民基本台帳閲覧申出書,戸籍住民課,住民記録係,本庁舎2階,住民基本台帳の一部の写しを閲覧する手続き,必要書類は、住民記録係へお問い合わせください,(03)5984-2796,https://www.city.nerima.tokyo.jp/kurashi/koseki/utsushi/ichiran.html,
住民票コード変更請求,住民票コード変更請求書,,,各区民事務所,住民票コードを変更する手続き,本人（または法定代理人）の官公署発行の証明書が必要,,https://www.city.nerima.tokyo.jp/kurashi/koseki/jukinet/code_henko.html,
印鑑の登録および印鑑登録証の交付,印鑑登録申請書,,,各区民事務所,印鑑の登録を行い、その登録を証明する印鑑登録証を交付する手続き,本人確認書類が必要,,https://www.city.nerima.tokyo.jp/kurashi/koseki/inkan/inkantoroku.html,
印鑑登録証明の交付,印鑑登録証明書交付申請書,,,各区民事務所,登録された印鑑の証明書を交付する手続き,印鑑登録証が必要,,https://www.city.nerima.tokyo.jp/kurashi/koseki/inkan/shomeisho.html,
印鑑登録の抹消,印鑑登録廃止亡失申請書,戸籍住民課,住民記録係,本庁舎2階,既に行っている印鑑登録を廃止する手続き,本人確認書類と印鑑登録証が必要,(03)5984-2796,https://www.city.nerima.tokyo.jp/kurashi/koseki/inkan/inkantoroku.html,
マイナンバーカード交付申請書の再発行,マイナンバーカードカード交付申請書依頼書,戸籍住民課,マイナンバーカード交付管理係,西庁舎1階;各区民事務所,マイナンバーカード交付申請書を再交付する手続き,,(03)5984-4595,https://www.city.nerima.tokyo.jp/kurashi/mynumber/mynumber_card/shinsei/shinseihoho.html,
マイナンバーカード券面記載事項変更届,マイナンバーカード 券面記載事項変更届,,,各区民事務所,マイナンバーカードの券面記載事項や内部データに変更があった際に、記載変更を申し出る手続き,マイナンバーカードが必要,,https://www.city.nerima.tokyo.jp/kurashi/mynumber/mynumber_card/koshin/henko.html,
在留期間変更に伴うマイナンバーカードの有効期間変更届,マイナンバーカード在留期間更新に伴う有効期間変更申請書,戸籍住民課,住民記録係,本庁舎2階,外国人の在留期間変更に伴い、マイナンバーカードの有効期間を変更する手続き,マイナンバーカードが必要,(03)5984-2796,https://www.city.nerima.tokyo.jp/kurashi/mynumber/mynumber_card/koshin/gaikokujin.html,
マイナンバーカード紛失・廃止届,マイナンバーカード紛失・廃止届,戸籍住民課,マイナンバーカード交付管理係,西庁舎1階;各区民事務所,マイナンバーカードの紛失と廃止を申し出る手続き,,(03)5984-4595,https://www.city.nerima.tokyo.jp/kurashi/mynumber/mynumber_card/sonota/funshitsu.html,
マイナンバーカード暗証番号変更・再設定,マイナンバーカード暗証番号変更・再設定申請書,戸籍住民課,住民記録係,本庁舎2階,マイナンバーカード本体に係る暗証番号を変更または再設定する手続き,マイナンバーカードと本人確認書類が必要,(03)5984-2796,https://www.city.nerima.tokyo.jp/kurashi/mynumber/mynumber_card/ansho/shokika_kohteki.html,
電子証明書の新規発行・更新申請,署名用電子証明書／利用者証明用電子証明書　新規発行／更新申請書,戸籍住民課,住民記録係,本庁舎2階,電子証明書の新規発行または更新の申請をする手続き,マイナンバーカードが必要,(03)5984-2796,https://www.city.nerima.tokyo.jp/kurashi/mynumber/service/densyo.html,
電子証明書の暗証番号変更・再設定申請,電子証明書暗証番号変更・再設定申請書,戸籍住民課,住民記録係,本庁舎2階,電子証明書の暗証番号の変更または再設定を申請する手続き,マイナンバーカードと本人確認書類が必要,(03)5984-2796,https://www.city.nerima.tokyo.jp/kurashi/mynumber/mynumber_card/ansho/shokika_kohteki.html,
旧氏の記載等請求,旧氏の記載等請求,,,各区民事務所,住民票に旧氏（旧姓）を記載する手続き,手続に来られる方の確認書類、戸籍謄本等が必要,,https://www.city.nerima.tokyo.jp/kurashi/koseki/kiroku/kyuuji.html,
中長期在留者の新規上陸後の住居地届出,住居地届出書,,,各区民事務所,新規に上陸許可を受けた中長期在留者が、住居地を定めた旨を届け出る手続,在留カードが必要,,https://www.city.nerima.tokyo.jp/kurashi/koseki/kiroku/tennyukokugai.html,
中長期在留者の在留資格変更等に伴う住居地届出,住居地届出書,,,各区民事務所,中長期在留者以外の者として本邦に在留していた者が、新たに中長期在留者となり住居地を届け出る手続,在留カードが必要,,https://www.city.nerima.tokyo.jp/kurashi/koseki/foreigner/sikakusyutoku.html,
中長期在留者による住居地の変更届出,住居地届出書,,,各区民事務所,中長期在留者が住居地を変更した旨を届け出る手続,在留カードが必要,,https://www.city.nerima.tokyo.jp/kurashi/koseki/kiroku/tenkyo.html,
特別永住者が住居地を定めた場合の住居地届出,住居地届出書,,,各区民事務所,住居地記載のない特別永住者証明書を持つ特別永住者が、住居地を定めた旨を届け出る手続,特別永住者証明書が必要,,https://www.city.nerima.tokyo.jp/kurashi/koseki/kiroku/tennyukokugai.html,
特別永住者による住居地の変更届出,住居地届出書,,,各区民事務所,特別永住者が住居地を変更した旨を届け出る手続,特別永住者証明書が必要,,https://www.city.nerima.tokyo.jp/kurashi/koseki/kiroku/tenkyo.html,
特別永住者証明書の住居地以外の記載事項の変更届出,特別永住者証明書記載事項変更届出書,戸籍住民課,住民記録係,本庁舎2階,特別永住者証明書の記載事項である、「氏名」「生年月日」「性別」「国籍・地域」に変更が生じた旨を届け出る手続,"・旅券の写し（所持する場合）
・理由書（旅券を提示できない場合）
・写真（16歳以上）
・変更を生じたことを証する資料
・特別永住者証明書の写し",(03)5984-2796,https://www.city.nerima.tokyo.jp/kurashi/koseki/foreigner/tokubetueijyuu.html,
特別永住者証明書の有効期間の更新申請,特別永住者証明書有効期間更新申請書,戸籍住民課,住民記録係,本庁舎2階,特別永住者証明書の有効期間の更新申請をする手続,"・旅券の写し（所持する場合）
・理由書（旅券を提示できない場合）
・写真
・特別永住者証明書の写し",(03)5984-2796,https://www.city.nerima.tokyo.jp/kurashi/koseki/foreigner/tokubetueijyuu.html,
紛失等による特別永住者証明書の再交付申請,特別永住者証明書再交付申請書,戸籍住民課,住民記録係,本庁舎2階,紛失、盗難、滅失その他の事由により特別永住者証明書の所持を失ったときに、再交付の申請をする手続,"・旅券の写し（所持する場合）
・理由書（旅券を提示できない場合）
・写真（16歳以上）
・特別永住者証明書の所持を失ったことを証する資料",(03)5984-2796,https://www.city.nerima.tokyo.jp/kurashi/koseki/foreigner/tokubetueijyuu.html,
汚損等による特別永住者証明書の再交付申請,特別永住者証明書再交付申請書,戸籍住民課,住民記録係,本庁舎2階,所持する特別永住者証明書が著しく毀損もしくは汚損、または搭載されたICの記録が毀損した場合に、再交付の申請をする手続,"・旅券の写し（所持する場合）
・理由書（旅券を提示できない場合）
・写真（16歳以上）
・特別永住者証明書の写し",(03)5984-2796,https://www.city.nerima.tokyo.jp/kurashi/koseki/foreigner/tokubetueijyuu.html,
新築建物、その他工作物の住居番号付定,建物その他工作物新築届,戸籍住民課,住居表示係,本庁舎2階,新築、改築建物に住居番号を付定する手続き,,(03)5984-4526,https://www.city.nerima.tokyo.jp/kurashi/sumai/takuchi/jutaku_no.html,
住居表示変更証明書発行事務,住居表示変更証明書,戸籍住民課,住居表示係,本庁舎2階,住居表示が実施されたことにより、住所が変わったことの証明書,各区民事務所でも受付,(03)5984-4526,https://www.city.nerima.tokyo.jp/kurashi/sumai/takuchi/jutaku_shomeisho.html,
戸籍全部事項証明書・戸籍個人事項証明書の交付,戸籍証明書の請求書,戸籍住民課,戸籍第一係,本庁舎2階,練馬区が本籍の方の戸籍全部事項証明書・戸籍個人事項証明書を交付する手続き,窓口に来られる方の本人確認ができるものが必要,(03)5984-4530,https://www.city.nerima.tokyo.jp/kurashi/koseki/shomei/tohon.html,https://logoform.jp/form/G2rU/346143
戸籍全部事項証明書・戸籍個人事項証明書以外の戸籍証明書の交付,戸籍証明書の請求書,戸籍住民課,戸籍第一係,本庁舎2階,練馬区が本籍の方の受理証明書、身分証明書などの交付,窓口に来られる方の本人確認ができるものが必要,(03)5984-4530,https://www.city.nerima.tokyo.jp/kurashi/koseki/shomei/tohon.html,https://logoform.jp/form/G2rU/346143
出生届,出生届,戸籍住民課,戸籍第一係,本庁舎2階,出生時に届け出る手続き,母子健康手帳が必要,(03)5984-4530,https://www.city.nerima.tokyo.jp/kurashi/koseki/todokede/shussei25.html,
婚姻届,婚姻届,戸籍住民課,戸籍第一係,本庁舎2階,婚姻をする際の手続き,・戸籍謄本（戸籍全部事項証明書）または戸籍抄本（戸籍個人事項証明書）・本人確認できるもの,(03)5984-4530,https://www.city.nerima.tokyo.jp/kurashi/koseki/todokede/konin.html,
離婚届,離婚届,戸籍住民課,戸籍第一係,本庁舎2階,離婚をする際の手続き,本人確認のできるもの他が必要,(03)5984-4530,https://www.city.nerima.tokyo.jp/kurashi/koseki/todokede/rikon.html,
死亡届,死亡届,戸籍住民課,戸籍第一係,本庁舎2階,死亡した際の手続き,死亡診断書が必要,(03)5984-4530,https://www.city.nerima.tokyo.jp/kurashi/koseki/todokede/shibo.html,
転籍届,転籍届,戸籍住民課,戸籍第一係,本庁舎2階,転籍をする際の手続き,,(03)5984-4530,https://www.city.nerima.tokyo.jp/kurashi/koseki/todokede/tenseki.html,
改葬許可申請,改葬許可申請書,戸籍住民課,戸籍第一係,本庁舎2階,収蔵した焼骨を他の墳墓または納骨堂へ移す際に届け出る手続き,墓地の受入証明書が必要,(03)5984-4530,https://www.city.nerima.tokyo.jp/kurashi/koseki/todokede/kaisou.html,
自動車臨時運行許可申請,自動車臨時運行許可申請書,,,各区民事務所,未登録や車検切れなどの自動車について、新規登録や新規検査の申請のため運輸支局へ回送する場合等に限り運行を許可する申請手続,"・自動車検査証等自動車を確認するもの
・自動車損害賠償責任保険証明書
・本人確認書類",,https://www.city.nerima.tokyo.jp/kurashi/sumai/baiku/kari_nan.html,
軽自動車税種別割減免申請,軽自動車税種別割減免申請書,税務課,税証明・軽自動車税担当,本庁舎4階,軽自動車税種別割の減免を申請する場合の手続,"所有者により、以下の書類から１点以上が必要
・公的機関が発行する罹災証明書または警察署長の発行する被害受理証明書
・総合福祉事務所長が発行する生活保護受給証明書・納税通知書
・練馬区障害者日中活動系サービス推進事業運営費補助金交付要綱第6条第2項の補助金交付通知書の写し
・消防署長または警察署長の発行する軽自動車等の使用状況に関する証明書
・身体障害者手帳、戦傷病者手帳、愛の手帳、療育手帳、精神障害者保健福祉手帳および自立支援医療受給者証等
・運転者の運転免許証
・二輪の小型自動車の場合は、自動車検査証
・車両の構造がわかる書類(自動車検査証または写真)",(03)5984-4536,https://www.city.nerima.tokyo.jp/kurashi/zei/genmen/genmen/kcar.html,
軽自動車税種別割納税証明書（一般用）（車検用）の交付申請,軽自動車税種別割種別割納税証明書交付申請書,税務課,税証明・軽自動車税担当,本庁舎4階,軽自動車税種別割納税証明書（一般用）（車検用）の交付を申請する手続,,(03)5984-4536,https://www.city.nerima.tokyo.jp/kurashi/zei/shomei/keijidousha_shoumei/madoguti-shinsei.html,
相続人代表者指定（変更）届,相続人代表者指定（変更）届,税務課,"区税第一?第四係
区税調整係",本庁舎4階,被相続人に係る徴収金の賦課徴収（滞納処分を除く）および還付に関する書類を受領する代表者を届け出あるいは既に届け出ている相続人代表者を変更する手続き,申請者の本人確認書類の写しが必要,(03)5984-4537,https://www.city.nerima.tokyo.jp/kurashi/zei/genmen/nakunararetakata-zei.html,
特定配当等・特定株式等譲渡所得金額申告,特定配当等・特定株式等譲渡所得金額申告書,税務課,"区税第一?第四係
区税調整係",本庁舎4階,申告不要の上場株式等譲渡所得等・配当所得等で所得税と住民税で異なる課税方式を選択する場合の手続き,年間取引報告書の写し等内容確認ができる書類が必要,(03)5984-4537,https://www.city.nerima.tokyo.jp/kurashi/zei/jyuminzei/tochikabushiki/kabusiki.html,
特別区民税・都民税減免申請,特別区民税・都民税　減免申請書,税務課,"区税第一?第四係
区税調整係",本庁舎4階,特別区民税・都民税の減免を申請する場合の手続き,保護証明書、り災証明書等が必要,(03)5984-4537,https://www.city.nerima.tokyo.jp/kurashi/zei/genmen/genmen/zeigenmen.html,
特別区民税・都民税　送付先変更届出,特別区民税・都民税　送付先変更届出書,税務課,"区税第一?第四係
区税調整係",本庁舎4階,事情により、特別区民税・都民税に係る書類の送付先を住民登録地と異なる場所に変更する手続き,申請者の本人確認書類の写し、成年後見人の登記事項証明書等が必要,(03)5984-4537,https://www.city.nerima.tokyo.jp/kurashi/zei/genmen/nouzeikanrinin.html,
住民税申告,特別区民税・都民税申告書,税務課,"区税第一?第四係
区税調整係",本庁舎4階,区民が区へ所得や控除、扶養親族等を申告する手続き,本人確認書類の写し、源泉徴収票等、申告内容の証明書類,(03)5984-4537,https://www.city.nerima.tokyo.jp/kurashi/zei/zeishinkoku/shinkoku.html,
納税管理人申告,納税管理人申告届,税務課,"区税第一?第四係
区税調整係",本庁舎4階,納税管理人を定める申請手続き,申請者の本人確認書類の写し、成年後見人の登記事項証明書等,(03)5984-4537,https://www.city.nerima.tokyo.jp/kurashi/zei/genmen/nouzeikanrinin.html,
軽自動車税（種別割）申告（報告）書兼標識交付申請,軽自動車税（種別割）申告（報告）書兼標識交付申請書,税務課,税証明・軽自動車税担当,本庁舎4階,原動機付自転車等の登録を申請する手続,"以下のいずれかが必要
・販売証明書
・廃車申告受付書
・譲渡証明書
・標識交付証明書",(03)5984-4536,https://www.city.nerima.tokyo.jp/kurashi/zei/kei-jidousha/toroku_haisha/shasyubetu-madoguchi.html,
軽自動車税（種別割）廃車申告書兼標識返納,軽自動車税（種別割）廃車申告書兼標識返納書,税務課,税証明・軽自動車税担当,本庁舎4階,原動機付自転車等の廃車を申請する手続,"標識交付証明書
標識",(03)5984-4536,https://www.city.nerima.tokyo.jp/kurashi/zei/kei-jidousha/toroku_haisha/shasyubetu-madoguchi.html,
住民税課税（非課税・納税）証明の交付申請,特別区民税・都民税（住民税）証明書交付申請書,税務課,区税事務係,本庁舎4階,住民税課税（非課税）証明書および住民税納税証明書の交付を申請する手続,,(03)5984-4536,https://www.city.nerima.tokyo.jp/kurashi/zei/shomei/juuminzei_shoumei/naiyou.html,
特別区民税・都民税（普通徴収分）口座振替依頼書,特別区民税・都民税（普通徴収分）口座振替依頼書,収納課,個人収納係,本庁舎3階,特別区民税・都民税の口座振替による納付を開始する際に、口座情報および銀行印を届け出る手続,特別区民税・都民税（普通徴収分）口座振替依頼書,(03)5984-4542,https://www.city.nerima.tokyo.jp/dl/zei/zei_mosikomi.html,
国民健康保険料還付請求,国民健康保険料還付請求書,収納課,こくほ収納係,本庁舎3階,国民健康保険料に過誤納金が発生した際に還付を行うための申請,世帯主と口座名義人が異なる場合は、委任状もしくは申立書が必要,(03)5984-4559,https://www.city.nerima.tokyo.jp/kurashi/nenkinhoken/kokuminkenkohoken/hoken_hokenryo/kokuhokanpu.html,
国民健康保険料口座振替依頼書,国民健康保険料口座振替依頼書,収納課,こくほ収納係,本庁舎3階,国民健康保険料の口座振替による納付を開始する際に、口座情報および銀行印を届け出る手続,,(03)5984-4559,https://www.city.nerima.tokyo.jp/kurashi/nenkinhoken/kokuminkenkohoken/hoken_hokenryo/kozafurikae.html,https://www.city.nerima.tokyo.jp/kurashi/nenkinhoken/kokuminkenkohoken/hoken_hokenryo/webkoufuri.html
国民健康保険料納入済額証明交付申請書,"国民健康保険料納入済額証明
交付申請書",収納課,こくほ収納係,本庁舎3階,国民健康保険料の賦課額と納付額の証明書の交付を申請する手続き,定額小為替証書（交付手数料とし通数分の金額）,(03)5984-4559,https://www.city.nerima.tokyo.jp/kurashi/nenkinhoken/kokuminkenkohoken/hoken_hokenryo/kokuho_nouhusyoumei.html,
送付先設定の届出,後期高齢者医療に関する送付物の送付先変更依頼書,国保年金課,後期高齢者資格係,本庁舎2階,被保険者住所以外の宛名・住所に各種証や通知を送付するための届出,"【共通】
被保険者本人の被保険者証の写し
【親族等に送る場合】
受取人（送付先となる方）の身分証明書の写し
【病院や施設に送る場合】
入院･入所していることが確認できる書類
【成年後見人】
・受取人（成年後見人等）の身分証明書の写し
・審判書または登記事項証明書の写し
【一時的に住居を移しているため】
送付先住所および被保険者本人の名前が記載されているもの（公共料金の請求書・消印のある郵便物など）の写し２点",(03)5984-4587,https://www.city.nerima.tokyo.jp/kurashi/nenkinhoken/kokikorei/soufusaki.html,
後期高齢者医療保険料の還付,後期高齢者医療保険料還付金請求書兼口座振替依頼書,国保年金課,後期高齢者保険料係,本庁舎2階,保険料の過誤納が生じた際に、本人に保険料を返金する。,,(03)5984-4588,https://www.city.nerima.tokyo.jp/kurashi/nenkinhoken/kokikorei/hokenryo.html,
後期高齢者医療保険料の減免申請,後期高齢者医療保険料減免申請書,国保年金課,後期高齢者保険料係,本庁舎2階,災害、拘禁、収入減少等による保険料の減免申請手続。,収入減少、災害等の証明書類が必要,(03)5984-4588,https://www.city.nerima.tokyo.jp/kurashi/nenkinhoken/kokikorei/hokenryo.html,
後期高齢者医療保険料の納付方法の選択,後期高齢者医療保険料口座振替（自動払込）依頼書,国保年金課,後期高齢者保険料係,本庁舎2階,保険料の納付方法を口座引き落としに選択する、登録口座を変更する、または口座引き落としを中止する手続。,,(03)5984-4588,https://www.city.nerima.tokyo.jp/kurashi/nenkinhoken/kokikorei/hokenryo.html,
移送費の支給,国民健康保険移送費支給申請書,国保年金課,こくほ給付係,本庁舎3階,医師の指示により、一時的・緊急的な必要があって移送された場合にその費用について世帯主が区に請求する手続き,意見書、領収書が必要,(03)5984-4553,https://www.city.nerima.tokyo.jp/kurashi/nenkinhoken/kokuminkenkohoken/hoken_kyufu/isohi.html,
国民健康保険一部負担金（減額・免除・徴収猶予）申請,国民健康保険一部負担金（減額・免除・徴収猶予）申請書,国保年金課,こくほ給付係,本庁舎3階,一部負担金の支払い義務を負う世帯主が死亡や心身に障害を負う等の理由により、一時的に生活が困難になり、一部負担金の徴収の猶予や減免を行う必要があるときに、一部負担金の徴収の猶予や減免を行う。,医療費の見積書、被災証明書（災害時のみ）が必要,(03)5984-4553,https://www.city.nerima.tokyo.jp/kurashi/nenkinhoken/kokuminkenkohoken/hoken_kyufu/kokuhoitibuhutanyuyo.html,
東日本大震災の被災者に係る練馬区国民健康保険一部負担金の免除,国民健康保険一部負担金免除申請書,国保年金課,こくほ給付係,本庁舎3階,東日本大震災の被災者で練馬区国民健康保険の被保険者となった者の一部負担金を免除する。,被災証明書が必要,(03)5984-4553,https://www.city.nerima.tokyo.jp/kurashi/nenkinhoken/kokuminkenkohoken/hoken_kyufu/kokuhoitibuhutanyuyo.html,
資格取得届,国民健康保険異動届,国保年金課,こくほ資格係,本庁舎3階,資格取得の手続をした被保険者に、被保険者証を交付する手続,健康保険資格喪失証明書、本人確認書類、個人番号確認書類が必要,(03)5984-4594,https://www.city.nerima.tokyo.jp/kurashi/nenkinhoken/kokuminkenkohoken/hoken_kanyu/tetsuzuki.html,
国民健康保険限度額適用認定証交付申請,国民健康保険限度額適用認定申請書,国保年金課,こくほ給付係,本庁舎3階,医療機関へ提示することで、一部負担金が自己負担限度額までとなる証を申請により交付する,被保険者証の写しが必要,(03)5984-4553,https://www.city.nerima.tokyo.jp/kurashi/nenkinhoken/kokuminkenkohoken/hoken_kyufu/madoguchi.html,
国民健康保険高額療養費支給申請,国民健康保険高額療養費支給申請書,国保年金課,こくほ給付係,本庁舎3階,月ごとの医療費自己負担額が限度額超えた場合、申請により超過分を支給する,,(03)5984-4553,https://www.city.nerima.tokyo.jp/kurashi/nenkinhoken/kokuminkenkohoken/hoken_kyufu/kogaku_shikyu.html,
出産育児一時金の支給申請,国民健康保険出産育児一時金支給申請書兼請求書,国保年金課,こくほ給付係,本庁舎3階,国保加入者が出産された際に、出産育児一時金として４２万円請求する手続き,出産時の領収書、直接支払制度の合意文書、母子健康手帳が必要,(03)5984-4553,https://www.city.nerima.tokyo.jp/kurashi/nenkinhoken/kokuminkenkohoken/hoken_kyufu/shussan_shikyu.html,
国民健康保険葬祭費の支給申請,国民健康保険葬祭費支給申請書兼請求書,国保年金課,こくほ給付係,本庁舎3階,国保加入者が亡くなられた際に、喪主が葬祭費として７万円請求する手続き,葬儀の領収書・会葬礼状が必要,(03)5984-4553,https://www.city.nerima.tokyo.jp/kurashi/nenkinhoken/kokuminkenkohoken/hoken_kyufu/sosaihi.html,
国民健康保険特定疾病療養受療証の交付申請,国民健康保険特定疾病認定申請書,国保年金課,こくほ給付係,本庁舎3階,指定の疾病に該当する被保険者が、医療機関へ提示することで一部負担金が1万円または2万円までとなる証を申請により交付する,被保険者証の写しが必要,(03)5984-4553,https://www.city.nerima.tokyo.jp/kurashi/nenkinhoken/kokuminkenkohoken/hoken_kyufu/tokuteishitsubyo.html,
被保険者証、高齢受給者証再交付申請,国民健康保険被保険者証・高齢受給者証再交付申請書,国保年金課,こくほ資格係,本庁舎3階,再交付の手続をした被保険者に、被保険者証や高齢受給者証を再交付する手続,本人確認書類,(03)5984-4594,https://www.city.nerima.tokyo.jp/kurashi/nenkinhoken/kokuminkenkohoken/hoken_kanyu/hokensho_saikofu.html,
国民健康保険料の減免,国民健康保険料徴収猶予および減額・免除申請書,国保年金課,こくほ資格係,本庁舎3階,減免申請をした世帯の世帯主に、保険料の減免を行う手続,罹災証明書、収入の証明,(03)5984-4554,https://www.city.nerima.tokyo.jp/kurashi/nenkinhoken/kokuminkenkohoken/hoken_hokenryo/haraenai.html,
療養費の支給,国民健康保険療養費支給申請書,国保年金課,こくほ給付係,本庁舎3階,やむを得ず保険証を提示できない等により、医療機関で10割負担した際に、世帯主または代理人が区に保険負担分について請求する手続き,"診療報酬明細書が必要
領収書",(03)5984-4553,https://www.city.nerima.tokyo.jp/dl/nenkinhoken/shinsei.html,
後期高齢者医療保険料支払済額証明書,様式なし,国保年金課,後期高齢者保険料係,本庁舎2階,支払済額証明書（確定申告用、無料）を発行する。,,(03)5984-4588,https://www.city.nerima.tokyo.jp/kurashi/nenkinhoken/kokikorei/hokenryo.html,
後期高齢者医療保険料納入済額証明書,練馬区後期高齢者医療保険料納入済額証明書交付申請書,国保年金課,後期高齢者保険料係,本庁舎2階,納付証明書（金融機関融資用、有料）を発行する。,,(03)5984-4588,https://www.city.nerima.tokyo.jp/kurashi/nenkinhoken/kokikorei/hokenryo.html,
限度額適用・標準負担額減額認定の申請,後期高齢者医療限度額適用・標準負担額減額認定申請書,国保年金課,後期高齢者資格係,本庁舎2階,世帯全員が住民税非課税の場合に、窓口での保険適用の医療費の自己負担限度額を一定額以下とし入院時の食費の自己負担額を一定額以下とするための認定を受ける申請,"マイナンバーカード等、マイナンバーが確認できる書類の写しが必要
被保険者証や運転免許証等、身元確認ができる書類の写し",(03)5984-4587,https://www.city.nerima.tokyo.jp/dl/nenkinhoken/shinseininteisyo.html,
限度額認定の申請,後期高齢者医療限度額適用認定申請書,国保年金課,後期高齢者資格係,本庁舎2階,同じ世帯の後期高齢者医療被保険者全員の住民税課税所得が一定額未満の場合に、窓口での保険適用の医療費の自己負担額の上限を一定額にするための申請,"マイナンバーカード等、マイナンバーが確認できる書類の写しが必要
被保険者証や運転免許証等、身元確認ができる書類の写し",(03)5984-4587,https://www.city.nerima.tokyo.jp/dl/nenkinhoken/shinseininteisyo.html,
高額療養費支給申請,後期高齢者医療高額療養費支給申請書,国保年金課,後期高齢者資格係,本庁舎2階,医療費の一月間の自己負担額が著しく高額となり、一定の金額（自己負担限度額）を超えた場合、超えた部分に相当する金額の支給を受けようとするときの申請,"申請者の本人確認書類の写しが必要
被保険者本人のマイナンバー確認書類の写し",(03)5984-4587,https://www.city.nerima.tokyo.jp/kurashi/nenkinhoken/kokuminkenkohoken/hoken_kyufu/kogaku_shikyu.html,
被保険者証、特定疾病療養受療証、限度額適用・標準負担額減額認定証および限度額認定証の再交付申請,後期高齢者医療再交付申請書,国保年金課,後期高齢者資格係,本庁舎2階,被保険者証、特定疾病療養受療証、限度額適用・標準負担額減額認定証または限度額認定証を汚損または紛失した場合にはその再交付を申請しなければならない。,本人確認書類が必要,(03)5984-4587,https://www.city.nerima.tokyo.jp/kurashi/nenkinhoken/kokikorei/saikoufu.html,
障害認定の申請,後期高齢者医療障害認定申請書及び資格取得(変更・喪失)届書,国保年金課,後期高齢者資格係,本庁舎2階,65歳以上75歳未満の者であって一定の障害の程度にあるものは、後期高齢者医療広域連合（以下「広域連合」という。）に申請し、被保険者となることができる。また申請の撤回をすることができる。,身体障害者手帳、精神障害者保健福祉手帳、愛の手帳（療育手帳）または国民年金の年金証書の写しが必要,(03)5984-4587,https://www.city.nerima.tokyo.jp/dl/nenkinhoken/shinseisyougainintei.html,
障害不該当の届出,後期高齢者医療障害認定申請書及び資格取得(変更・喪失)届書,国保年金課,後期高齢者資格係,本庁舎2階,障害認定を受けた者が障害にあたらない状態になった場合の届出,本人確認書類が必要,(03)5984-4587,https://www.city.nerima.tokyo.jp/dl/nenkinhoken/shinseisyougainintei.html,
食事差額支給申請,後期高齢者医療食事療養差額支給申請書,国保年金課,後期高齢者資格係,本庁舎2階,やむを得ない事情により、限度額適用・標準負担額減額認定証を保険医療機関に提出しなかったため、被保険者が減額されないまま食事療養標準負担額を支払った場合に、減額があった場合との差額分の支給を受けようとするときの申請,領収書,(03)5984-4587,https://www.city.nerima.tokyo.jp/dl/nenkinhoken/shinseisyokuji.html,
特定疾病認定の申請,後期高齢者医療特定疾病認定申請書,国保年金課,後期高齢者資格係,本庁舎2階,人工透析が必要な慢性腎不全などの高額な治療を長期間継続して受ける必要がある疾病にり患している場合に一部負担金の上限を一定額にするために行う申請,"【初めて申請する場合】
・後期高齢者医療特定疾病認定のための医師の意見書
・後期高齢者医療被保険者証
【継続申請】
・後期高齢者医療制度加入前保険の保険証の写し
・後期高齢者医療制度加入前保険の「特定疾病療養受領証」の写し
・後期高齢者医療被保険者証",(03)5984-4587,https://www.city.nerima.tokyo.jp/dl/nenkinhoken/shinseitokutei.html,
後期高齢者医療被保険者葬祭費等支給申請,後期高齢者医療被保険者葬祭費等支給申請書,国保年金課,後期高齢者資格係,本庁舎2階,死亡した被保険者の葬儀を執り行う者が、葬祭費および葬祭給付金の支給を受けようとするときの申請,会葬礼状または葬儀費用の領収書が必要,(03)5984-4587,https://www.city.nerima.tokyo.jp/dl/nenkinhoken/shinseisousaihi.html,
負担区分等証明書交付申請,後期高齢者医療負担区分等証明書交付申請書,国保年金課,後期高齢者資格係,本庁舎2階,被保険者または被保険者であった者が東京都広域連合の被保険者でなくなる際に従前の負担区分等の証明書の交付を受けようとするときの申請,,(03)5984-4587,https://www.city.nerima.tokyo.jp/kurashi/nenkinhoken/kokikorei/seido.html,
後期高齢者医療保険料の簡易申告書,後期高齢者医療保険料に関する申告書（簡易申告書）,国保年金課,後期高齢者保険料係,本庁舎2階,所得等申告をされてない被保険者および世帯主が提出する（主に収入が無い方）。,,(03)5984-4588,https://www.city.nerima.tokyo.jp/kurashi/nenkinhoken/kokikorei/hokenryo.html,
移送費支給申請,後期高齢者医療療養費支給申請書,国保年金課,後期高齢者資格係,本庁舎2階,負傷、疾病等により、移動が困難な被保険者が医師の指示により一時的、緊急的な必要性があって移送された場合に移送費の支給を受けようとするときの申請,"・経路等内訳がわかる領収書
・移送を必要とする医師の意見書
が必要",(03)5984-4587,https://www.city.nerima.tokyo.jp/dl/nenkinhoken/shinseiisouhi.html,
一部負担金差額支給申請,後期高齢者医療療養費支給申請書,国保年金課,後期高齢者資格係,本庁舎2階,被保険者が、一部負担金の割合が３割から１割に変更になったにも関わらず、３割分の一部負担金を保険医療機関等に支払った場合、その差額分の支給を受けようとするときの申請,本人確認書類が必要,(03)5984-4587,https://www.city.nerima.tokyo.jp/dl/nenkinhoken/shinseiryouyouhi.html,
療養費支給申請,後期高齢者医療療養費支給申請書,国保年金課,後期高齢者資格係,本庁舎2階,やむを得ない事情により、被保険者が保険医療機関等で医療費の全額を支払ったとき、その支払った分から一部負担金相当額を除いた一定額の支給を受けようとするときの申請,"【共通】
・本人確認書類
【補装具】
・治療用装具を必要とする意見書（診断書）、証明書
・内訳等の内容がわかる領収書
・靴型装具の写真（靴型装具の場合のみ必要）
【保険証を待たずに診療を受けた】
・診療報酬明細書と同様の内容がわかる書類
・領収書
【骨折や捻挫等で柔道整復師の施術を受けたとき】
・施術料金領収書
【医師が必要と認めるはり・きゅう・あん摩・マッサージの施術を受けたとき】
・施術料金領収書
・医師の同意書
【輸血のため生血の費用を負担したとき】
・医師の証明書
・領収書",(03)5984-4587,https://www.city.nerima.tokyo.jp/dl/nenkinhoken/shinseiryouyouhi.html,
高額介護合算療養費支給申請,高額介護合算療養費等支給申請書兼自己負担額証明書交付申請書,国保年金課,後期高齢者資格係,本庁舎2階,世帯で１年間に支払った後期高齢者医療制度の一部負担金等の額と介護保険の利用者負担額の合算額が世帯の算定基準額を超えるときに後期高齢者医療制度と介護保険それぞれの制度から超過額の支給を受けようとするときの申請,"・申請者の本人確認書類の写し
・被保険者本人のマイナンバー確認書類の写し",(03)5984-4587,https://www.city.nerima.tokyo.jp/kurashi/nenkinhoken/kokikorei/kaigogassan.html,
国民健康保険高額介護合算療養費支給申請,高額介護合算療養費等支給申請書兼自己負担額証明書交付申請書,国保年金課,こくほ給付係,本庁舎3階,医療保険と介護保険の年間の通算自己負担額が限度額超えた場合、申請により超過分を支給する,,(03)5984-4553,https://www.city.nerima.tokyo.jp/kurashi/nenkinhoken/kokuminkenkohoken/hoken_kyufu/gassan.html,
高額療養費（外来年間合算）支給申請,高額療養費(外来年間合算)支給申請書兼自己負担額証明書交付申請書,国保年金課,後期高齢者資格係,本庁舎2階,医療費のうち1年間の外来療養に係る自己負担額が著しく高額となり、一定の金額（自己負担限度額）を超えた場合、超えた部分に相当する金額の支給を受けようとするときの申請,"・申請者の本人確認書類の写し
・被保険者本人のマイナンバー確認書類の写し",(03)5984-4553,https://www.city.nerima.tokyo.jp/kurashi/nenkinhoken/kokikorei/kougakur.html,
資格喪失届,国民健康保険異動届,国保年金課,こくほ資格係,本庁舎3階,国民健康保険の適用除外要件に該当した際に、資格喪失の旨を届け出る手続,保険証、本人確認書類、個人番号確認書類が必要,(03)5984-4594,https://www.city.nerima.tokyo.jp/kurashi/nenkinhoken/kokuminkenkohoken/hoken_kanyu/dattai.html,https://www.city.nerima.tokyo.jp/kurashi/nenkinhoken/kokuminkenkohoken/hoken_kanyu/densisinsei_dattai.html
国民健康保険高額療養費（外来年間合算）支給申請,国民健康保険高額療養費(外来年間合算)支給申請書兼自己負担額証明書交付申請書,国保年金課,こくほ給付係,本庁舎3階,年間の通算医療費自己負担額が限度額超えた場合、申請により超過分を支給する,,(03)5984-4553,https://www.city.nerima.tokyo.jp/kurashi/nenkinhoken/kokuminkenkohoken/hoken_kyufu/nennkangairai.html,
国民年金死亡一時金請求書,国民年金死亡一時金請求書,国保年金課,国民年金係,本庁舎3階,3年以上国民年金の保険料を納付した者が、基礎年金を受けずに死亡したときに、遺族が請求する手続き,死亡者の年金手帳、死亡日を明らかにできる戸籍抄本等、死亡者と請求者との身分を明らかにできる戸籍謄本等、死亡者と請求者が生計を同一にしていたことが明らかにできる書類（住民票等）,(03)5984-4561,https://www.city.nerima.tokyo.jp/kurashi/nenkinhoken/kokuminnenkin/nenkin_tetsuzuki/yoshikisyu.html,
国民年金被保険者関係届書(申出書),国民年金被保険者関係届書(申出書),国保年金課,国民年金係,本庁舎3階,厚生年金の喪失者や海外から帰国した者が、国民年金に加入する等の手続き,"※手続きによって異なる
（退職日が分かる退職証明書等、障害年金証書、生活保護受給証明書、母子健康手帳等）",(03)5984-4561,https://www.city.nerima.tokyo.jp/kurashi/nenkinhoken/kokuminnenkin/nenkin_tetsuzuki/yoshikisyu.html,
国民年金保険料学生納付特例申請書,国民年金保険料学生納付特例申請書,国保年金課,国民年金係,本庁舎3階,大学(院)・専門学校等に在学中で、本人の審査対象所得が基準以下である学生が、保険料の納付の猶予を申請する手続き,"※場合によって異なる
（学生証、雇用保険の離職票等）",(03)5984-4561,https://www.city.nerima.tokyo.jp/kurashi/nenkinhoken/kokuminnenkin/nenkin_tetsuzuki/nenkin_hokenryo/taino.html,
国民年金保険料免除・納付猶予申請書,国民年金保険料免除・納付猶予申請書,国保年金課,国民年金係,本庁舎3階,経済的理由等により国民年金保険料の納付が困難である者が、免除や納付猶予を申請する手続き,"※場合によって異なる
（雇用保険の離職票等）",(03)5984-4561,https://www.city.nerima.tokyo.jp/kurashi/nenkinhoken/kokuminnenkin/nenkin_tetsuzuki/nenkin_hokenryo/menjo.html,
特別障害給付金請求書,特別障害給付金請求書,国保年金課,国民年金係,本庁舎3階,国民年金に任意加入していなかったため障害基礎年金等を受給できない障害者が、特別障害給付金を請求する手続き,※場合によって異なる（診断書、初診日の証明書等）,(03)5984-4561,https://www.city.nerima.tokyo.jp/kurashi/nenkinhoken/kokuminnenkin/nenkin_tetsuzuki/yoshikisyu.html,
国民健康保険料の減額,特例対象被保険者等に係る国民健康保険料の減額届出書,国保年金課,こくほ資格係,本庁舎3階,非自発的失業による退職であった場合に、国民健康保険料の減額を申請する手続,雇用保険受給資格者証、保険証,(03)5984-4554,https://www.city.nerima.tokyo.jp/kurashi/nenkinhoken/kokuminkenkohoken/hoken_hokenryo/kokuho_hijihatu.html,
年金請求書(国民年金遺族基礎年金),年金請求書(国民年金遺族基礎年金),国保年金課,国民年金係,本庁舎3階,国民年金被保険者または老齢基礎年金の受給資格期間を満たした者が死亡したときに、死亡者によって生計を維持されていた子のある配偶者または子が請求する手続き,※場合によって異なる（年金証書、請求者名義の通帳等コピー、請求者の戸籍謄本、生計同一申立書、死亡診断書、請求者の課税証明書等）,(03)5984-4561,https://www.city.nerima.tokyo.jp/kurashi/nenkinhoken/kokuminnenkin/nenkin_tetsuzuki/yoshikisyu.html,
年金請求書(国民年金寡婦年金),年金請求書(国民年金寡婦年金),国保年金課,国民年金係,本庁舎3階,第1号被保険者としての国民年金保険料納付済期間等が10年以上ある夫が年金を受けずに死亡した場合に、連続して10年以上の婚姻関係があった妻が請求する手続き,※場合によって異なる（年金証書、請求者名義の通帳等コピー、請求者の戸籍謄本、生計同一申立書）,(03)5984-4561,https://www.city.nerima.tokyo.jp/kurashi/nenkinhoken/kokuminnenkin/nenkin_tetsuzuki/yoshikisyu.html,
年金請求書(国民年金障害基礎年金),年金請求書(国民年金障害基礎年金),国保年金課,国民年金係,本庁舎3階,国民年金の被保険者期間中または20歳前もしくは60歳から65歳までの間に初診日がある病気やけがで障害の状態となった者が、障害基礎年金を請求する手続き,※場合によって異なる（診断書、初診日の証明書、第三者証明等）,(03)5984-4561,https://www.city.nerima.tokyo.jp/kurashi/nenkinhoken/kokuminnenkin/nenkin_tetsuzuki/yoshikisyu.html,
年金請求書(国民年金保険老齢給付),年金請求書(国民年金保険老齢給付),国保年金課,国民年金係,本庁舎3階,保険料を納めた期間と免除された期間および合算対象期間を合わせて原則10年以上ある者が、老齢基礎年金を請求する手続き,※場合によって異なる（請求者名義の通帳等コピー、請求者の戸籍謄本、等）,(03)5984-4561,https://www.city.nerima.tokyo.jp/kurashi/nenkinhoken/kokuminnenkin/nenkin_tetsuzuki/yoshikisyu.html,
未支給年金・未支払給付金請求書,未支給年金・未支払給付金請求書,国保年金課,国民年金係,本庁舎3階,年金等を受けている者が死亡したとき、死亡者について未支給の年金を、遺族が請求する手続き,年金証書、請求者名義の通帳等コピー、住民票、請求者の戸籍謄本、生計同一申立書等,(03)5984-4561,https://www.city.nerima.tokyo.jp/kurashi/nenkinhoken/kokuminnenkin/nenkin_tetsuzuki/yoshikisyu.html,
新型コロナウイルス感染症に係る傷病手当金の支給申請,新型コロナウイルス感染症に係る国民健康保険給傷病手当金支給申請書,国保年金課,こくほ給付係,本庁舎3階,新型コロナウイルス感染症による療養のため労務不能となった場合、その期間中の給与の3分の2相当の金額を支給する,,(03)5984-4553,https://www.city.nerima.tokyo.jp/kurashi/nenkinhoken/kokuminkenkohoken/hoken_kyufu/sinngatakoronasyobyo.html,
家屋修繕等小規模工事に係る業者紹介申込,家屋修繕等小規模工事相談受付票,経済課,中小企業振興係,本庁舎9階,家屋修繕等小規模工事に関し、業者紹介を希望する区民からの申し込み手続き,,(03)5984-1483,https://www.city.nerima.tokyo.jp/kurashi/sumai/takuchi/shokai.html,
ねり丸デザイン使用申請,練馬区公式アニメキャラクター「ねり丸」デザイン等（非）販売目的使用許諾申請書,商工観光課,観光係,本庁舎9階,練馬区公式アニメキャラクター「ねり丸」のデザインに係る使用申請,,(03)5984-1032,https://www.city.nerima.tokyo.jp/kankomoyoshi/nerimaru.html#cmsB867D,
ねり丸デザイン使用報告,練馬区公式アニメキャラクター「ねり丸」デザイン等(非)販売目的使用報告書,商工観光課,観光係,本庁舎9階,練馬区公式アニメキャラクター「ねり丸」のデザインに係る使用報告,,(03)5984-1032,https://www.city.nerima.tokyo.jp/kankomoyoshi/nerimaru.html#cmsB867D,
区民農園の利用申込,練馬区立区民農園　利用申込書,都市農業課,都市農業係,本庁舎9階,区民農園の利用者を公募し、利用予定者を決定する。,,(03)5984-1398,https://www.city.nerima.tokyo.jp/kankomoyoshi/nogyo/hureai/kumin_nouen.html,
発掘届,埋蔵文化財発掘の届出について,文化・生涯学習課,伝統文化係,本庁舎8階,埋蔵文化財包蔵地内で地面を掘るときに都教育長あてにする届出を区で受付,位置図、配置図、断面図が必要,(03)5984-2442,https://www.city.nerima.tokyo.jp/dl/machi/jigyo/hakkutsutodoke.html,
練馬区武蔵大学特別履修生制度の参加申込,練馬区武蔵大学特別履修生申込書,,生涯学習センター,豊玉北6-8-1,武蔵大学特別履修生制度の履修希望申込,証明写真が必要,(03)3991-1667,https://www.city.nerima.tokyo.jp/kankomoyoshi/bunka/kominkan/moyooshi/20200211.html,
避難行動要支援者名簿（旧災害時要援護者名簿）登録,"外部提供確認通知
避難行動要支援者名簿登録票
登録解除申請書",福祉部管理課,福祉防災・システム係,西庁舎3階,区が作成する避難行動要支援者名簿（旧災害時要援護者名簿）に登録、または登録解除する旨を届け出る手続,,(03)5984-1337,https://www.city.nerima.tokyo.jp/hokenfukushi/chiikifukushi/saigaiji.html,
練馬区成年後見人等報酬費用の助成申請,成年後見人等報酬費用助成申請書（第1号様式）,福祉部管理課,地域福祉係,西庁舎3階,成年後見人等に対する報酬費用の助成申請を区へ行う。,"・成年後見人等報酬費用助成申請書
・報酬付与審判書（写）
・被後見人等の財産目録
・登記事項証明書（写）
等",(03)5984-2716,https://www.city.nerima.tokyo.jp/hokenfukushi/chiikifukushi/kenriyougo/seinennkoukenn.html,
練馬区成年後見人等報酬費用の助成金請求,成年後見人等報酬費用助成金請求書（第4号様式）,福祉部管理課,地域福祉係,西庁舎3階,成年後見人等に対する報酬費用の助成申請において、決定した助成金額の請求を区へ行う。,,(03)5984-2716,https://www.city.nerima.tokyo.jp/hokenfukushi/chiikifukushi/kenriyougo/seinennkoukenn.html,
"練馬区保健福祉サービス苦情調整委員への苦情申立て
",苦情申立書(第 9 号様式),,練馬区保健福祉サービス苦情調整委員事務局,西庁舎3階,保健福祉サービスに関する苦情等について、練馬区保健福祉サービス苦情調整委員へ申立てを行う。,,(03)3993-1344,https://www.city.nerima.tokyo.jp/hokenfukushi/chiikifukushi/kujochosei/index.html,
原爆被爆者見舞金の新規受付,原爆被爆者見舞金申請書,障害者施策推進課,管理係,西庁舎1階;各区民事務所,原爆被爆者手帳をお持ちの方が区内に転入した際に見舞金を受給するために届け出る手続き（希望者のみ）,原爆被爆者見舞金支給申請書,(03)5984-4598,https://www.city.nerima.tokyo.jp/kurashi/jinken/senso/mimaikin.html,
企業実習奨励金　申請,"@練馬区障害者企業実習奨励金支給申請書兼請求書
A練馬区立障害者奨励金実習報告書",障害者施策推進課,就労支援係,西庁舎1階;各区民事務所,企業実習後、奨励金を受給するための申請,"@個別支援計画書
A出勤簿の写しまたは実習を行った日数および時間を確認できる書類
B支払金口座振替依頼書",(03)5984-1387,https://www.city.nerima.tokyo.jp/hokenfukushi/shogai/teate/shoreikin.html,
誓約書等の提出,"承諾書兼誓約書
誓約書",障害者施策推進課,就労調整担当係,西庁舎1階;各区民事務所,承諾書兼誓約書および誓約書の提出,"承諾書兼誓約書
誓約書",(03)5984-1250,https://www.city.nerima.tokyo.jp/hokenfukushi/shogai/manabi/syokubataiken.html,
心身障害者医療費助成の決定,マル障医療助成費支給申請書,障害者サービス調整担当課,障害調整係,西庁舎1階;各区民事務所,心身障害者医療費助成制度を利用したい区民が区を通して東京都に申請する。,領収書,(03)5984-1456,https://www.city.nerima.tokyo.jp/hokenfukushi/shogai/iryo/josei.html,
こども発達支援センター障害児一時預かり事業利用仮予約,様式なし,,こども発達支援センター,光が丘3-1-1,障害児一時預かり事業の利用仮予約手続き,,(03)3975-6251,https://www.city.nerima.tokyo.jp/hokenfukushi/shogai/shisetsu/kodomohattatu/itiziazukari-nanairo.html,
こども発達支援センター障害児一時預かり事業利用登録,練馬区立こども発達支援センター障害児一時預かり事業利用登録申請書,,こども発達支援センター,光が丘3-1-1,障害児一時預かり事業の利用登録手続き,,(03)3975-6251,https://www.city.nerima.tokyo.jp/hokenfukushi/shogai/shisetsu/kodomohattatu/itiziazukari-nanairo.html,
こども発達支援センター障害児一時預かり事業利用申請,練馬区立こども発達支援センター障害児一時預かり事業利用申請書,,こども発達支援センター,光が丘3-1-1,障害児一時預かり事業の利用申請手続き,,(03)3975-6251,https://www.city.nerima.tokyo.jp/hokenfukushi/shogai/shisetsu/kodomohattatu/itiziazukari-nanairo.html,
こども発達支援センター障害児一時預かり事業利用変更申請,練馬区立こども発達支援センター障害児一時預かり事業利用変更申請書,,こども発達支援センター,光が丘3-1-1,障害児一時預かり事業の利用変更申請手続き,,(03)3975-6251,https://www.city.nerima.tokyo.jp/hokenfukushi/shogai/shisetsu/kodomohattatu/itiziazukari-nanairo.html,
こども発達支援センター障害児一時預かり事業利用登録更新,様式なし,,こども発達支援センター,光が丘3-1-1,障害児一時預かり事業の利用登録更新手続き,,(03)3975-6251,https://www.city.nerima.tokyo.jp/hokenfukushi/shogai/shisetsu/kodomohattatu/itiziazukari-nanairo.html,
生活困窮者住居確保給付金支給申請等,委任状,生活福祉課,自立促進支援係,東庁舎7階,住居確保給付金に係る支給申請書、支給申請書（期間（再）延長）、変更支給申請書および各種届の提出,"@住居確保給付金申請書類
A本人確認書類
B収入関係書類
C金融資産関係書類
D入居住宅関係書類
E離職もしくは減収関係書類",(03)5984-4698,https://www.city.nerima.tokyo.jp/kurashi/jinken/komatta/jyukyokakuhokyuhukin.html,
生活困窮者住居確保給付金支給申請等,相談受付・申込票,生活福祉課,自立促進支援係,東庁舎7階,住居確保給付金に係る支給申請書、支給申請書（期間（再）延長）、変更支給申請書および各種届の提出,"@住居確保給付金申請書類
A本人確認書類
B収入関係書類
C金融資産関係書類
D入居住宅関係書類
E離職もしくは減収関係書類",(03)5984-4698,https://www.city.nerima.tokyo.jp/kurashi/jinken/komatta/jyukyokakuhokyuhukin.html,
生活困窮者住居確保給付金支給申請等,プラン兼事業等利用申込書,生活福祉課,自立促進支援係,東庁舎7階,住居確保給付金に係る支給申請書、支給申請書（期間（再）延長）、変更支給申請書および各種届の提出,"@住居確保給付金申請書類
A本人確認書類
B収入関係書類
C金融資産関係書類
D入居住宅関係書類
E離職もしくは減収関係書類",(03)5984-4698,https://www.city.nerima.tokyo.jp/kurashi/jinken/komatta/jyukyokakuhokyuhukin.html,
保護開始の申請,,各総合福祉事務所,相談係,,生活保護開始の申請手続き,"まずは、お住まいの地域の福祉事務所にご相談ください。相談員がお困りの事情や、ご本人やご家族の生活状況をお聞きするとともに、生活保護制度についてご説明します。
郵便番号176の地域の方：練馬総合福祉事務所　　　電話：03-5984-4742
郵便番号177の地域の方：石神井総合福祉事務所　　電話：03-5393-2802
郵便番号178の地域の方：大泉総合福祉事務所　　　電話：03-5905-5263
郵便番号179の地域の方：光が丘総合福祉事務所　　電話：03-5997-7714",,https://www.city.nerima.tokyo.jp/kurashi/jinken/komatta/hogo.html,
ひとり親家庭高等職業訓練促進等給付金の支給等,,生活福祉課,ひとり親家庭支援係,本庁舎10階,ひとり親家庭高等職業訓練促進給付金の支給等,必ず事前に管轄の総合福祉事務所相談係またはひとり親家庭支援係までご相談ください。,(03)5984-1319,https://www.city.nerima.tokyo.jp/kurashi/jinken/hitorioya/kateikotogino.html,
愛の手帳の再交付申請,愛の手帳交付（新規・更新・再交付）申請書,総合福祉事務所,障害者支援係,,愛の手帳の再交付申請,愛の手帳（紛失を除く）が必要,,https://www.city.nerima.tokyo.jp/hokenfukushi/shogai/techo/ai.html,
愛の手帳の変更申請,愛の手帳交付（新規・更新・再交付）申請書,総合福祉事務所,障害者支援係,,愛の手帳の変更申請,愛の手帳が必要,,https://www.city.nerima.tokyo.jp/hokenfukushi/shogai/techo/ai.html,
愛の手帳の返還申請,愛の手帳交付（新規・更新・再交付）申請書,総合福祉事務所,障害者支援係,,愛の手帳の返還申請,愛の手帳が必要,,https://www.city.nerima.tokyo.jp/hokenfukushi/shogai/techo/ai.html,
"身体障害者手帳の新規申請
（東京都の進達事務）",身体障害者手帳交付等申請（届出）書,総合福祉事務所,障害者支援係,,身体障害者手帳の新規申請,"医師の診断書・意見書
写真",,https://www.city.nerima.tokyo.jp/hokenfukushi/shogai/techo/shinsho.html,
"身体障害者手帳の再交付申請
（東京都の進達事務）",身体障害者手帳交付等申請（届出）書,総合福祉事務所,障害者支援係,,身体障害者手帳の再交付申請,"医師の診断書・意見書
写真（破損・汚損・紛失を除く）",,https://www.city.nerima.tokyo.jp/hokenfukushi/shogai/techo/shinsho.html,
身体障害者手帳の返還,身体障害者手帳交付等申請（届出）書,総合福祉事務所,障害者支援係,,身体障害者手帳の返還,返還する手帳,,https://www.city.nerima.tokyo.jp/hokenfukushi/shogai/techo/shinsho.html,
日常生活用具の申請,日常生活用具給付申請書,総合福祉事務所,障害者支援係,,日常生活用具の申請,見積書,,https://www.city.nerima.tokyo.jp/hokenfukushi/shogai/nichijo/seikatsushien/nichijoseikatsuyogu.html,
訪問入浴サービス事業申請,訪問入浴サービス申請書,総合福祉事務所,障害者支援係,,訪問入浴サービス事業申請,"利用者状況票
意見書",,https://www.city.nerima.tokyo.jp/hokenfukushi/shogai/nichijo/seikatsushien/homon_nyuyoku.html,
練馬区在宅心身障害者(児)緊急一時保護事業の申請,障害者（児）緊急一時保護申請書,総合福祉事務所,障害者支援係;知的障害者担当係,,緊急に保護が必要となる障害者(児)を他の家庭に保護委託する事業です。,,,https://www.city.nerima.tokyo.jp/hokenfukushi/shogai/shogaoshortstay1.html,
中等度難聴児発達支援事業,中等度難聴児発達支援事業補聴器購入費助成申請書,総合福祉事務所,障害者支援係,,中等度難聴児発達支援事業,"中等度難聴児発達支援事業補聴器購入費助成金交付意見書
見積書",,https://www.city.nerima.tokyo.jp/hokenfukushi/shogai/nichijo/seikatsushien/hochoukikounyuuhi.html,
練馬区重症心身障害児(者)等在宅レスパイト申請,練馬区重症心身障害児（者）等在宅レスパイト事業利用申請書,総合福祉事務所,障害者支援係,,練馬区重症心身障害児(者)等在宅レスパイト事業,医師の指示書の写し,,https://www.city.nerima.tokyo.jp/hokenfukushi/shogai/nichijo/kaigo/zyuusyouresupaito.html,
小児慢性特定疾病児童等日常生活用具の申請,練馬区小児慢性特定疾病児童等日常生活用具給付申請書,総合福祉事務所,障害者支援係,,小児慢性特定疾病児童等日常生活用具の申請,小児慢性特定疾病医療受給者証の写,,https://www.city.nerima.tokyo.jp/hokenfukushi/iryo/nanbyo/shoni_kyufu.html,
有料道路における障害者割引制度,有料道路障害者割引申請書兼ＥＴＣ利用申請書,総合福祉事務所,障害者支援係,,有料道路における障害者割引制度,"身体障害者手帳
療育手帳
自動車車検証
運転免許証（2種のみ）
ＥＴＣカード
ＥＴＣセットアップ証明書",,https://www.city.nerima.tokyo.jp/hokenfukushi/shogai/genmen/expressway.html,https://www.expressway-discount.jp/
東京都重度心身障害者手当受給資格の認定請求届出,重度心身障害者手当受給認定申請書,総合福祉事務所,福祉事務係,,"手当の受給を求める申請手続き
",,,https://www.city.nerima.tokyo.jp/hokenfukushi/shogai/teate/judoshinshin.html,
練馬区心身障害者（児）紙おむつ受給登録の変更、消滅,心身障害者（児）紙おむつ受給者異動届,総合福祉事務所,福祉事務係,,紙おむつ受給者の変更・消滅手続き,,,https://www.city.nerima.tokyo.jp/dl/shogai/omutu2.html,
練馬区心身障害者（児）紙おむつの支給,心身障害者（児）紙おむつ受給者登録申請書,総合福祉事務所,福祉事務係,,在宅の障害者の快適な日常生活の維持と介護にあたる家族の支援と負担軽減を図るための紙おむつ申請手続き,,,https://www.city.nerima.tokyo.jp/dl/shogai/omutu2.html,
練馬区心身障害者自動車燃料費助成資格の消滅、変更,心身障害者自動車燃料費助成異動届,総合福祉事務所;保健予防課,福祉事務係;精神保健係,,心身障害者自動車燃料費助成の資格消滅、変更の手続き,,,https://www.city.nerima.tokyo.jp/dl/shogai/nennryouhi2.html,
練馬区心身障害者自動車燃料費助成,心身障害者自動車燃料費助成申請書,総合福祉事務所;保健予防課,福祉事務係;精神保健係,,心身障害者の日常生活向上のため所有する自動車の燃料費の一部を助成するための申請手続き,,,https://www.city.nerima.tokyo.jp/dl/shogai/nennryouhi2.html,
練馬区心身障害者福祉手当の申請,心身障害者福祉手当認定申請書,総合福祉事務所,福祉事務係,,"手当の受給を求める申請手続き
",,,https://www.city.nerima.tokyo.jp/dl/shogai/kusyou2.html,
練馬区心身障害者福祉手当の変更等届出,心身障害者福祉手当異動届,総合福祉事務所,福祉事務係,,"手当受給者の
住所・氏名・口座振替変更、喪失のための手続き",,,https://www.city.nerima.tokyo.jp/dl/shogai/kusyou2.html,
福祉タクシー券登録異動の届,福祉タクシー券異動届,総合福祉事務所,福祉事務係,,外出困難な心身障害者の移動方法の手段としてタクシー券を交付するための申請手続き,,,https://www.city.nerima.tokyo.jp/dl/shogai/taxi2.html,
練馬区心身障害者福祉タクシー券の利用登録申請,福祉タクシー券交付申請兼受領書,総合福祉事務所,福祉事務係,,外出困難な心身障害者の移動方法の手段としてタクシー券の利用登録するための申請手続き,,,https://www.city.nerima.tokyo.jp/dl/shogai/taxi2.html,
特別障害者手当等（障害児福祉手当含む）受給資格者の現況届出,特別障害者手当等（障害児福祉手当含む）受給資格者の現況届出,総合福祉事務所,福祉事務係,,"受給資格要件調査のための届出
",,,https://www.city.nerima.tokyo.jp/hokenfukushi/shogai/teate/tokubetsu.html,
特別障害者手当等（障害児福祉手当含む）受給資格者の死亡届出,特別障害者手当等（障害児福祉手当含む）受給資格者の死亡届出,総合福祉事務所,福祉事務係,,喪失のための手続き,,,https://www.city.nerima.tokyo.jp/hokenfukushi/shogai/teate/tokubetsu.html,
特別障害者手当等（障害児福祉手当含む）受給資格者の変更等届出,特別障害者手当等（障害児福祉手当含む）受給資格者の変更等届出,総合福祉事務所,福祉事務係,,住所・氏名・口座振替変更、喪失のための手続き,,,https://www.city.nerima.tokyo.jp/hokenfukushi/shogai/teate/tokubetsu.html,
特別障害者手当等（障害児福祉手当含む）受給資格の認定請求届出,特別障害者手当等（障害児福祉手当含む）受給資格の認定請求届出,総合福祉事務所,福祉事務係,,"手当の受給を求める申請手続き
",,,https://www.city.nerima.tokyo.jp/hokenfukushi/shogai/teate/tokubetsu.html,
ひとり親家庭ホームヘルプの利用申請,ひとり親家庭ホームヘルプサービス利用申請書,総合福祉事務所,相談係,,申請を受け、親の就労や子の生活状況等を確認し適否を審査し、決定を通知する手続き。,事前登録が必要です。管轄の福祉事務所相談係までご相談ください。,,https://www.city.nerima.tokyo.jp/kurashi/jinken/hitorioya/homehelp.html,
休養ホームの利用申請,ひとり親家庭等休養ホーム利用書交付申請書,総合福祉事務所,相談係,,申請を受け適否を審査し、決定を通知する手続き。,児童扶養手当証書かひとり親家庭等医療証か児童育成手当の認定通知または審査結果通知書が必要,,https://www.city.nerima.tokyo.jp/kurashi/jinken/hitorioya/home.html,
敬老館の利用申請（個人）,練馬区立敬老館利用申請書,,各敬老館,,敬老館を利用する際の初回登録をするために必要な手続き,,,https://www.city.nerima.tokyo.jp/dl/koreisha/keiroukannsinnseisyo.html,
三原台敬老館の日曜日利用団体登録,練馬区立三原台敬老館日曜日利用団体登録申請書,,三原台敬老館,三原台2-11-29,三原台敬老館の日曜日利用団体登録,練馬区立三原台敬老館日曜日利用団体登録簿,(03)3924-8834,https://www.city.nerima.tokyo.jp/dl/koreisha/keiroukannsinnseisyo.html,
三原台敬老館の日曜日利用団体利用申請,練馬区立三原台敬老館日曜日利用団体利用申請書,,三原台敬老館,三原台2-11-29,団体利用の申し込み,,(03)3924-8834,https://www.city.nerima.tokyo.jp/dl/koreisha/keiroukannsinnseisyo.html,
はつらつセンター利用個人の登録,練馬区はつらつセンター利用申請書,,各はつらつセンター,,はつらつセンターの個人利用をするために必要な手続き,,,https://www.city.nerima.tokyo.jp/hokenfukushi/koreisha/shisetsu/0000111111122.html,
介護職員初任者研修受講料助成事業,練馬区介護職員初任者研修受講料助成金交付申請書兼請求書,高齢社会対策課;障害者施策推進課,計画係;事業者支援係,西庁舎3階;西庁舎1階,介護職員初任者研修受講料助成金の交付申請,修了証明書の写し、領収書の原本,"(03)5984-4584,(03)5984-2825",https://www.city.nerima.tokyo.jp/hokenfukushi/kaigohoken/joseiseido/syoninsya2022.html,
介護職員実務者研修受講料助成事業,練馬区介護職員実務者研修受講料助成金交付申請書兼請求書,高齢社会対策課;障害者施策推進課,計画係;事業者支援係,西庁舎3階;西庁舎1階,介護職員実務者研修受講料助成金の交付申請,修了証明書の写し、領収書の原本,"(03)5984-4584,(03)5984-2825",https://www.city.nerima.tokyo.jp/hokenfukushi/kaigohoken/joseiseido/zitsumusya2022.html,
介護福祉士資格取得支援助成事業,練馬区介護福祉士資格取得支援助成金交付申請書兼請求書,高齢社会対策課;障害者施策推進課,計画係;事業者支援係,西庁舎3階;西庁舎1階,介護福祉士資格取得支援助成金の交付申請,介護福祉士登録証の写し、領収書の原本,"(03)5984-4584,(03)5984-2825",https://www.city.nerima.tokyo.jp/hokenfukushi/kaigohoken/joseiseido/kaigohukushishi2022.html,
いきがいデイサービス事業,いきがいデイサービス事業利用申請書　第１号様式,高齢社会対策課,介護予防係,西庁舎3階;西庁舎1階,外出の機会として、週1回午前中に、31か所の区立施設で体操や趣味活動を行います。,,(03)5984-2094,https://www.city.nerima.tokyo.jp/hokenfukushi/koreisha/kenko/kenkochojuhatsuratsu/ikigai.html,https://logoform.jp/form/G2rU/332850
地域リハビリテーション活動自主活動支援申し込み,自主活動支援申込書,高齢社会対策課,介護予防係,西庁舎3階;西庁舎1階,自主活動支援（自主グループ等にリハビリ専門職を派遣）の申し込み,,(03)5984-2094,https://www.city.nerima.tokyo.jp/hokenfukushi/koreisha/kenko/kenkochojuhatsuratsu/tiikiriha.html,https://logoform.jp/form/G2rU/316669
高齢者いきいき健康事業,高齢者いきいき健康事業申込書,高齢社会対策課,いきがい係,西庁舎3階;西庁舎1階,高齢者いきいき健康券を申し込むための手続き,,(03)5984-4763,https://www.city.nerima.tokyo.jp/hokenfukushi/koreisha/ikigai/ikiikihp.html,https://www.shinsei.elg-front.jp/tokyo2/uketsuke/form.do?id=1639640873451
高齢者等紙おむつ等支給(現物支給）,高齢者等紙おむつ等受給者登録申請書,総合福祉事務所,高齢者支援係,,高齢者等に対し、紙おむつおよびおむつカバー等を支給する。,転入者の場合のみ、前住所地の所得証明書。または、所得確認依頼の同意書。,,https://www.city.nerima.tokyo.jp/hokenfukushi/koreisha/nichijo/kamiomutsu.html,
家族介護慰労金支給,家族介護慰労金支給申請書,総合福祉事務所,高齢者支援係,,介護保険要介護４・５と認定された家族を在宅で介護している家族に慰労金を支給する。,同意書,,https://www.city.nerima.tokyo.jp/hokenfukushi/koreisha/nichijo/irokin.html,
車いす等貸与,車いす等貸与申請書,総合福祉事務所,高齢者支援係,,傷害や疾病等により居宅で、車いす等の介護用具の利用を必要とする区民に対し貸与する。,,,https://www.city.nerima.tokyo.jp/hokenfukushi/koreisha/nichijo/wheelchair_bed.html,
布団乾燥,高齢者布団乾燥消毒・丸洗い事業利用申込書,高齢者支援課,高齢給付係,西庁舎3階;西庁舎1階,65歳以上の在宅で要介護１?５に認定された一人暮らしまたは高齢者のみの世帯の方に毎月専門業者が布団の乾燥消毒等を実施する。,,(03)5984-2774,https://www.city.nerima.tokyo.jp/hokenfukushi/koreisha/nichijo/futon.html,
高齢者出張調髪,出張調髪利用申請書,高齢者支援課,高齢給付係,西庁舎3階;西庁舎1階,65歳以上の要介護３?５に認定された外出困難な方に自宅または入院先に出張調髪する利用券を交付する。,,(03)5984-2774,https://www.city.nerima.tokyo.jp/hokenfukushi/koreisha/nichijo/shucchochohatsu.html,
高齢者寝具クリーニング,寝具クリーニング券利用申請書,高齢者支援課,高齢給付係,西庁舎3階;西庁舎1階,65歳以上の要介護３?５に認定された方にシーツ、毛布等の寝具をクリーニングできる利用券を交付する。,,(03)5984-2774,https://www.city.nerima.tokyo.jp/hokenfukushi/koreisha/nichijo/shingu_cleaning.html,
ひとりぐらし高齢者入浴証交付事業,申請書・アンケート兼受領書,高齢者支援課,高齢給付係,西庁舎3階;西庁舎1階,ひとりぐらし高齢者入浴証の交付を受けるための手続き,,(03)5984-2774,https://www.city.nerima.tokyo.jp/hokenfukushi/koreisha/hitori/nyuyokusho.html,
高齢者在宅生活あんしん事業,高齢者在宅生活あんしん事業利用申請書,,管轄の地域包括支援センター,,慢性疾患等や要介護・要支援・総合事業対象者の高齢者に対して、@緊急通報システム、A生活リズムセンサー、B定期訪問、C電話訪問、D見守り配食を一体的に提供する。,電話回線確認表,,https://www.city.nerima.tokyo.jp/hokenfukushi/koreisha/hitori/zaitakuseikatusien.html,
認知症高齢者位置情報提供サービス利用料助成申請,練馬区認知症高齢者位置情報提供サービス利用料助成申請書,高齢者支援課,管轄の地域包括支援センター,,区民等が区の助成金を受けるための申請手続,委任状,,https://www.city.nerima.tokyo.jp/hokenfukushi/koreisha/ninchisyo2022.html,
練馬区高齢者補聴器購入費用助成金申請書,練馬区高齢者補聴器購入費用助成金申請書,高齢者支援課,高齢給付係,西庁舎3階;西庁舎1階,65歳以上の住民税非課税世帯の方で、専門医により補聴器の必要性を認められた方を対象に、補聴器の購入費用を助成する。,,(03)5984-2774,https://www.city.nerima.tokyo.jp/hokenfukushi/koreisha/nichijo/20210419134246065.html,
要介護認定（新規）申請,介護保険　要介護認定・要支援認定申請書,介護保険課,介護認定第一係,東庁舎4階,要介護認定を受けていない者が、要介護認定を求めて申請する,"介護保険被保険者証
医療保険被保険者証（第2号被保険者のみ）",(03)5984-2867,https://www.city.nerima.tokyo.jp/dl/kaigohoken/service/nintei-shinsei.html,https://myna.go.jp/
要介護更新認定申請,介護保険　要介護認定・要支援認定申請書,介護保険課,介護認定第一係,東庁舎4階,要介護認定を受けている者が、有効期間満了日の60日前から有効期間満了日までの間に認定の更新を求めて申請する,"介護保険被保険者証
医療保険被保険者証（第2号被保険者のみ）",(03)5984-2867,https://www.city.nerima.tokyo.jp/dl/kaigohoken/service/nintei-shinsei.html,https://myna.go.jp/
要介護認定区分変更認定申請,介護保険　要介護認定・要支援認定申請書,介護保険課,介護認定第一係,東庁舎4階,要介護認定を受けている者が、状態の変化等により、要介護状態区分の変更を求めて申請する,"介護保険被保険者証
医療保険被保険者証（第2号被保険者のみ）",(03)5984-2867,https://www.city.nerima.tokyo.jp/dl/kaigohoken/service/nintei-shinsei.html,https://myna.go.jp/
要支援認定（新規）申請,介護保険　要介護認定・要支援認定申請書,介護保険課,介護認定第一係,東庁舎4階,要支援認定を受けていない者が、要支援認定を求めて申請する,"介護保険被保険者証
医療保険被保険者証（第2号被保険者のみ）",(03)5984-2867,https://www.city.nerima.tokyo.jp/dl/kaigohoken/service/nintei-shinsei.html,https://myna.go.jp/
要支援更新認定申請,介護保険　要介護認定・要支援認定申請書,介護保険課,介護認定第一係,東庁舎4階,要支援認定を受けている者が、有効期間満了日の60日前から有効期間満了日までの間に認定の更新を求めて申請する,"介護保険被保険者証
医療保険被保険者証（第2号被保険者のみ）",(03)5984-2867,https://www.city.nerima.tokyo.jp/dl/kaigohoken/service/nintei-shinsei.html,https://myna.go.jp/
要支援認定区分変更認定申請,介護保険　要介護認定・要支援認定申請書,介護保険課,介護認定第一係,東庁舎4階,要支援認定を受けている者が、状態の変化等により、要支援状態区分の変更を求めて申請する,"介護保険被保険者証
医療保険被保険者証（第2号被保険者のみ）",(03)5984-2867,https://www.city.nerima.tokyo.jp/dl/kaigohoken/service/nintei-shinsei.html,https://myna.go.jp/
転入時の要介護・要支援認定申請,介護保険　要介護認定・要支援認定申請書,介護保険課,介護認定第一係,東庁舎4階,前住地において認定を受けていた者が転入した際に、前住地での認定を引き継ぐために、転入日から14日以内に申請する（前住所地引継申請）,"介護保険被保険者証
医療保険被保険者証（第2号被保険者のみ）",(03)5984-2867,https://www.city.nerima.tokyo.jp/dl/kaigohoken/service/nintei-shinsei.html,https://myna.go.jp/
要介護認定等の資料提供に係る申請,要介護認定等の資料提供に係る申請書,介護保険課,介護認定第一係,東庁舎4階,被保険者本人や家族等が、介護保険施設入所申し込みやケアプランの自己作成および要介護認定等の是正を目的として申請する,"被保険者症または認定決定通知等
本人確認書類
委任状または申出書",(03)5984-2867,https://www.city.nerima.tokyo.jp/dl/kaigohoken/service/shiryoteikyo.html,
負担割合証の再交付申請,介護保険被保険者証・負担割合証再交付申請書,介護保険課,資格保険料係,東庁舎4階,介護認定等のある方へ交付した負担割合証を、紛失・汚損・破損した場合に、被保険者本人等が介護保険課や区民事務所および地域包括支援センターの窓口に再交付の申請を行う。,,(03)5984-4592,https://www.city.nerima.tokyo.jp/dl/kaigohoken/service/saikoufu.html,
介護保険負担限度額認定申請,介護保険負担限度額認定申請書,介護保険課,給付係,東庁舎4階,介護老人福祉施設・介護老人保健施設・介護療養型医療施設・介護医療院および短期入所生活介護を利用した際の居住費と食費の自己負担を軽減する。（対象要件あり）,預貯金通帳等の写し,(03)5984-4591,https://www.city.nerima.tokyo.jp/dl/kaigohoken/service/futangendogaku.html,
生計困難者等に対する利用者負担額軽減対象確認申請,"生計困難者等に対する利用者負担額
軽減対象確認申請書
収入および預貯金等申告書
資産および扶養の有無に関する申告書",介護保険課,給付係,東庁舎4階,介護サービス費や居住費・食費の自己負担額の減額に必要な「 生計困難者等に対する利用者負担額軽減対象確認申請書」および添付資料を被保険者本人等が介護保険課または高齢者支援係に提出する。,預貯金通帳等の写し,(03)5984-4591,https://www.city.nerima.tokyo.jp/dl/kaigohoken/service/konnansha.html,
介護保険特定福祉用具購入費の支給申請,"介護保険居宅介護（介護予防）福祉用具購入費支給申請書
介護保険福祉用具購入費受領委任払い利用購入承認申請書
介護保険居宅介護（介護予防）福祉用具購入費支給申請書",介護保険課,給付係,東庁舎4階,要介護、要支援認定を受けた人を対象に、日常生活の自立を助けるために必要と認められる場合に限り、指定居宅サービス事業者から購入した特定福祉用具購入費を支給する。被保険者等が介護保険課または地域包括支援センターに申請書類を提出する。,福祉用具サービス計画書の写し・領収書・カタログ・請求書等,(03)5984-4591,https://www.city.nerima.tokyo.jp/dl/kaigohoken/service/yougukounyuuhi.html,
高齢者自立支援用具給付申請,高齢者自立支援用具給付申請書,介護保険課,給付係,東庁舎4階,区内在住の６５歳以上の方で、必要と認められる方に、日常生活自立支援用具の給付を行う。申請者が地域包括支援センターに申請書類を提出する。,必ず事前に介護保険課給付係に相談してください。,(03)5984-4591,https://www.city.nerima.tokyo.jp/hokenfukushi/koreisha/nichijo/jiritsushienyogu.html,
介護保険住宅改修費支給申請,"住宅改修費受領委任払い利用工事承認申請書
介護保険　居宅介護（介護予防）住宅改修費事前承認申請書
介護保険【居宅介護・介護予防】住宅改修費支給申請書
介護保険　居宅介護（介護予防）住宅改修費支給申請書
",介護保険課,給付係,東庁舎4階,要介護、要支援認定を受けた人を対象に、介護負担軽減や介護予防のための改修工事に対する給付を行う。改修を受ける被保険者等が介護保険課または地域包括支援センターに申請書類を提出する。,工事図面、写真、内訳書、領収書、請求書等,(03)5984-4591,https://www.city.nerima.tokyo.jp/dl/kaigohoken/service/juutakukaisyuuhijury.html,
高齢者自立支援住宅改修費給付費支給申請,"高齢者自立支援住宅改修給付申請書
高齢者自立支援住宅改修給付券",介護保険課,給付係,東庁舎4階,区内在住の６５歳以上の方で、介護認定の結果非該当で一定要件を満たす方や要介護・要支援認定を受けた方を対象に、介護負担軽減や介護予防のための改修工事に対する給付を行う。改修を受ける被保険者等が介護保険課または地域包括支援センターに申請書類を提出する。,工事図面、写真、内訳書、請求書等,(03)5984-4591,https://www.city.nerima.tokyo.jp/hokenfukushi/koreisha/jutaku/setsubi_kaishu.html,
第三者行為による被害の届出,第三者行為（介護保険）被害届,介護保険課,給付係,東庁舎4階,交通事故などが原因で、要介護状態になったり、要介護度が重度化した被保険者（被害者）が介護サービスを利用した場合、区へ被害届等を提出する。,"被害届
同意書
交通事故証明書
事故発生状況報告書",(03)5984-4591,https://www.city.nerima.tokyo.jp/hokenfukushi/kaigohoken/oshirase/daisansyakoui.html,
居宅サービス計画（ケアプラン）作成依頼届,居宅サービス計画作成依頼（変更）届出書,介護保険課,介護システム係,東庁舎4階,被保険者が居宅介護支援事業所から支援を受けることとなった際に自治体へ届け出る（実際には殆ど事業所が代行）,"介護保険被保険者証
（必須でない）",(03)5984-1669,https://www.city.nerima.tokyo.jp/dl/kaigohoken/service/plan-todokede.html,
介護予防サービス計画作成依頼届,介護予防サービス計画作成依頼（変更・終了）届出書,介護保険課,介護システム係,東庁舎4階,被保険者が地域包括支援センターから支援を受けることとなった際に自治体へ届け出る（実際には殆ど地域包括支援センターが代行）,"介護保険被保険者証
（必須でない）",(03)5984-1669,https://www.city.nerima.tokyo.jp/dl/kaigohoken/service/kaigoyoboutodokedesy.html,
小規模多機能型居宅サービス等計画作成依頼届,"（介護予防）小規模多機能型居宅介護・
看護小規模多機能型居宅介護に係る
居宅（介護予防）サービス計画作成依頼（変更）届出書",介護保険課,介護システム係,東庁舎4階,被保険者が小規模多機能事業所等から支援を受けることとなった際に自治体へ届け出る（実際には殆ど事業所が代行）,"介護保険被保険者証
（必須でない）",(03)5984-1669,https://www.city.nerima.tokyo.jp/dl/kaigohoken/service/plan-shoukibo.html,
居宅サービス計画作成依頼等取下届,居宅サービス計画作成依頼等取下届,介護保険課,介護システム係,東庁舎4階,被保険者が施設入所や医療入院等により居宅介護支援事業所等からの支援を中止することとなった際に自治体へ届け出る（実際には殆ど事業所が代行）,,(03)5984-1669,https://www.city.nerima.tokyo.jp/dl/kaigohoken/service/plan-torisage.html,
被保険者証の再交付申請,介護保険　被保険者証・負担割合証　再交付申請書（第4号様式）,介護保険課,資格保険料係,東庁舎4階,被保険者証を紛失等した場合、申請により再交付を行う,,(03)5984-4592,https://www.city.nerima.tokyo.jp/dl/kaigohoken/service/saikoufu.html,
保険料の減免,介護保険　保険料減免申請書（第46号様式）,介護保険課,資格保険料係,東庁舎4階,災害等特別な事情があり、一時的に収入が減少し保険料の納付が困難な者に対して保険料を減免する,"・り災証明書・被災証明書等
・医師の診断書
・収入を証する書類(確定申告書、源泉徴収票、給与明細書、預金通帳、その他必要と認めるもの)の写し等",(03)5984-4592,https://www.city.nerima.tokyo.jp/hokenfukushi/kaigohoken/hokenryo/gengaku.html,
生計困難者世帯に対する保険料の減額の申請,生計困難世帯に対する介護保険料減額申請書（付則第1号様式）,介護保険課,資格保険料係,東庁舎4階,保険料段階が第２、第３段階の者のうち、収入要件を満たした者に対して保険料を減額する,"・前年中(1 月?12 月)の世帯全員の収入額がわかるもの(年金振込通知書・源泉徴収票等)
・世帯全員分の最新の預貯金等の額がわかるもの",(03)5984-4592,https://www.city.nerima.tokyo.jp/hokenfukushi/kaigohoken/hokenryo/gengaku.html,
送付先設定の届出,介護保険　送付先設定（変更）申請書,介護保険課,資格保険料係,東庁舎4階,被保険者住所以外の宛名・住所に各種証や通知等を送付するための届出,,(03)5984-4592,https://www.city.nerima.tokyo.jp/dl/kaigohoken/service/kaigo_souhusaki.html,
送付先解除の届出,介護保険　送付先解除申請書,介護保険課,資格保険料係,東庁舎4階,既に設定されている送付先を解除するための届出,,(03)5984-4592,https://www.city.nerima.tokyo.jp/dl/kaigohoken/service/kaigo_souhusaki.html,
住所地特例についての届出,介護保険　住所地特例適用・変更・終了届（第2号様式）,介護保険課,資格保険料係,東庁舎4階,住所地特例対象施設への入退所に伴い、住所地特例の適用を受けるに至った場合、または適用を受けなくなった場合に、届け出る。,,(03)5984-4592,https://www.city.nerima.tokyo.jp/dl/kaigohoken/service/shinsei.html,
住所地特例についての届出,介護保険　住所地特例対象施設　入所・退所　連絡票,介護保険課,資格保険料係,東庁舎4階,練馬区の被保険者が住所地特例対象施設を入所・退所した際に、住所地特例対象施設が届け出る,,(03)5984-4592,https://www.city.nerima.tokyo.jp/dl/kaigohoken/service/shinsei.html,
「にこにこ」利用グループの登録申請,「にこにこ」利用グループ登録申請書,,各児童館,,学童クラブ室活用型子育て支援事業「にこにこ」をグループで使用する際に申請する手続き,,,https://www.city.nerima.tokyo.jp/kosodatekyoiku/kodomo/jidokan/nikoniko/index.html,
子どもの医療費助成のための医療証の交付,医療証交付申請書,子育て支援課,児童手当係,本庁舎10階,子ども医療証交付申請手続き,,(03)5984-5824,https://www.city.nerima.tokyo.jp/kosodatekyoiku/kodomo/teateiryo/josei.html,
子どもの医療費助成のための医療証の再交付,医療証再交付申請書,子育て支援課,児童手当係,本庁舎10階,子ども医療証再交付申請手続き,,(03)5984-5824,https://www.city.nerima.tokyo.jp/kosodatekyoiku/kodomo/teateiryo/josei.html,
学童クラブ入会承認,学童クラブ申請書等,子育て支援課,放課後対策第一係,本庁舎10階,学童クラブの入会申請手続き,就労証明書または申立書,(03)5984-1519,https://www.city.nerima.tokyo.jp/dl/shussan/gakudo/nyuukaisinsei.html,
学童クラブ保育料の減免の申請,学童クラブ保育料減額・免除申請書,子育て支援課,放課後対策第一係,本庁舎10階,学童クラブ保育料の減免の決定手続き,,(03)5984-1519,https://www.city.nerima.tokyo.jp/dl/shussan/gakudo/050206.html,
児童扶養手当の公的年金給付等受給に対する手当の支給制限,公的年金給付等受給状況届,子育て支援課,児童手当係,本庁舎10階,児童扶養手当の受給者が公的年金を受給する際に必要な手続き,年金証書等,(03)5984-5824,https://www.city.nerima.tokyo.jp/kosodatekyoiku/kodomo/teateiryo/fuyoteate.html,
子どもの医療費助成費の支給決定,子ども医療助成費支給申請兼請求書,子育て支援課,児童手当係,本庁舎10階,自己負担した医療費の払い戻し申請手続き,医療機関の領収書等,(03)5984-5824,https://www.city.nerima.tokyo.jp/kosodatekyoiku/kodomo/teateiryo/shinsei.html,
子どもの医療費助成のための医療証の変更届（健康保険）,子ども医療費助成制度申請事項変更・消滅届,子育て支援課,児童手当係,本庁舎10階,子ども医療証登録内容の変更手続,,(03)5984-5824,https://www.city.nerima.tokyo.jp/kosodatekyoiku/kodomo/teateiryo/josei.html,
子どもの医療費助成のための医療証の変更届（住所）,子ども医療費助成制度申請事項変更・消滅届,子育て支援課,児童手当係,本庁舎10階,子ども医療証登録内容の変更手続(住所),,(03)5984-5824,https://www.city.nerima.tokyo.jp/kosodatekyoiku/kodomo/teateiryo/josei.html,
子どもの医療費助成のための医療証の変更届（保護者）,子ども医療費助成制度申請事項変更・消滅届,子育て支援課,児童手当係,本庁舎10階,子ども医療証登録内容の変更手続（保護者）,,(03)5984-5824,https://www.city.nerima.tokyo.jp/kosodatekyoiku/kodomo/teateiryo/josei.html,
子どもの医療費助成のための医療証の変更届（児童氏名）,子ども医療費助成制度申請事項変更・消滅届,子育て支援課,児童手当係,本庁舎10階,子ども医療証登録内容の変更手続（児童氏名）,,(03)5984-5824,https://www.city.nerima.tokyo.jp/kosodatekyoiku/kodomo/teateiryo/josei.html,
子どもの医療費助成のための医療証の変更届（その他）,子ども医療費助成制度申請事項変更・消滅届,子育て支援課,児童手当係,本庁舎10階,子ども医療証登録内容の変更手続（その他）,,(03)5984-5824,https://www.city.nerima.tokyo.jp/kosodatekyoiku/kodomo/teateiryo/josei.html,
子どもの医療費助成のための医療証の消滅届,子ども医療費助成制度申請事項変更・消滅届,子育て支援課,児童手当係,本庁舎10階,子ども医療証の消滅手続,マル乳・マル子医療証,(03)5984-5824,https://www.city.nerima.tokyo.jp/kosodatekyoiku/kodomo/teateiryo/josei.html,
児童育成手当の減額改定,児童育成手当額改定請求書・届,子育て支援課,児童手当係,本庁舎10階,施設入所等により手当の支給対象児童が減った場合の手続き,施設入所した日がわかる措置決定通知書等,(03)5984-5824,https://www.city.nerima.tokyo.jp/kosodatekyoiku/kodomo/teateiryo/ikuseiteate.html,
児童育成手当の増額改定,児童育成手当額改定請求書・届,子育て支援課,児童手当係,本庁舎10階,児童育成手当の増額申請手続き,戸籍謄本等,(03)5984-5824,https://www.city.nerima.tokyo.jp/kosodatekyoiku/kodomo/teateiryo/ikuseiteate.html,
児童育成手当の現況届,児童育成手当現況届,子育て支援課,児童手当係,本庁舎10階,児童育成手当を継続して受給するための手続き,各種申立書等（住所要件、養育事実の申立書等）,(03)5984-5824,https://www.city.nerima.tokyo.jp/kosodatekyoiku/kodomo/oshirase/gennkyoutodoke.html,
児童育成手当の受給資格の認定,児童育成手当認定請求書,子育て支援課,児童手当係,本庁舎10階,児童育成手当の申請手続き,戸籍謄本等,(03)5984-5824,https://www.city.nerima.tokyo.jp/kosodatekyoiku/kodomo/oshirase/gennkyoutodoke.html,
児童手当の減額改定,児童手当　額改定　認定請求書・額改定届,子育て支援課,児童手当係,本庁舎10階,施設入所等により手当の支給対象児童が減った場合の手続き,施設入所した日がわかる措置決定通知書等,(03)5984-5824,https://www.city.nerima.tokyo.jp/kosodatekyoiku/kodomo/teateiryo/jidouteate20120401.html,
児童手当の増額改定,児童手当　額改定　認定請求書・額改定届,子育て支援課,児童手当係,本庁舎10階,第2子以降の出生時の児童手当の増額申請手続き,,(03)5984-5824,https://www.city.nerima.tokyo.jp/kosodatekyoiku/kodomo/teateiryo/jidouteate20120401.html,
児童手当の受給資格の消滅,児童手当・特例給付　受給事由消滅届,子育て支援課,児童手当係,本庁舎10階,施設入所等により手当の支給要件を満たさなくなった場合の手続き,施設入所した日がわかる措置決定通知書等,(03)5984-5824,https://www.city.nerima.tokyo.jp/kosodatekyoiku/kodomo/teateiryo/jidouteate20120401.html,
児童手当の受給資格の認定,児童手当・特例給付認定請求書,子育て支援課,児童手当係,本庁舎10階,出生時の児童手当の申請手続き,原則なしだが、外国籍の受給者は通帳の写しを求める等、必要によっては添付書類が必要なケースあり。,(03)5984-5824,https://www.city.nerima.tokyo.jp/kosodatekyoiku/kodomo/teateiryo/jidouteate20120401.html,
未支払いの児童扶養手当,児童扶養手当　未支払手当請求書,子育て支援課,児童手当係,本庁舎10階,手当受給者が死亡した場合に、対象児童の口座に手当を振り込むための手続き,,(03)5984-5824,https://www.city.nerima.tokyo.jp/kosodatekyoiku/kodomo/teateiryo/fuyoteate.html,
児童扶養手当の増額改定,児童扶養手当額改定（増額）請求書,子育て支援課,児童手当係,本庁舎10階,対象児童の出生等に伴う児童扶養手当の増額の手続き,戸籍謄本,(03)5984-5824,https://www.city.nerima.tokyo.jp/kosodatekyoiku/kodomo/teateiryo/fuyoteate.html,
児童扶養手当の減額改定,児童扶養手当額改定届（減額）,子育て支援課,児童手当係,本庁舎10階,対象児童の施設入所等に伴う児童扶養手当の減額の手続き,施設入所等分かる書類,(03)5984-5824,https://www.city.nerima.tokyo.jp/kosodatekyoiku/kodomo/teateiryo/fuyoteate.html,
児童扶養手当の受給資格者に対する手当の支給制限,児童扶養手当減額除外届出書,子育て支援課,児童手当係,本庁舎10階,５年等満了月を経過した児童扶養手当受給者が、手当の一部支給停止の適用除外を受けるための手続き,健康保険証の写し等,(03)5984-5824,https://www.city.nerima.tokyo.jp/kosodatekyoiku/kodomo/teateiryo/fuyoteate.html,
児童扶養手当の現況届,児童扶養手当現況届,子育て支援課,児童手当係,本庁舎10階,手当更新の手続き,申立書等,(03)5984-5824,https://www.city.nerima.tokyo.jp/kosodatekyoiku/kodomo/teateiryo/fuyoteate.html,
児童扶養手当の受給資格の消滅,児童扶養手当資格喪失届,子育て支援課,児童手当係,本庁舎10階,対象児童の施設入所等に伴う児童扶養手当の消滅の手続き,,(03)5984-5824,https://www.city.nerima.tokyo.jp/kosodatekyoiku/kodomo/teateiryo/fuyoteate.html,
児童扶養手当の支給停止関係｛発生・消滅・変更｝届,児童扶養手当支給停止関係｛発生・消滅・変更｝届,子育て支援課,児童手当係,本庁舎10階,修正申告に伴う手当開始または手当停止の手続き,,(03)5984-5824,https://www.city.nerima.tokyo.jp/kosodatekyoiku/kodomo/teateiryo/fuyoteate.html,
児童扶養手当の住所変更届（転出者用）,児童扶養手当住所変更届（転出者用）,子育て支援課,児童手当係,本庁舎10階,受給者が転出した時の手続き,,(03)5984-5824,https://www.city.nerima.tokyo.jp/kosodatekyoiku/kodomo/teateiryo/fuyoteate.html,
児童扶養手当の住所変更届（転入者用）,児童扶養手当住所変更届（転入者用）,子育て支援課,児童手当係,本庁舎10階,受給者が転入した時の手続き,,(03)5984-5824,https://www.city.nerima.tokyo.jp/kosodatekyoiku/kodomo/teateiryo/fuyoteate.html,
児童扶養手当証書の亡失届,児童扶養手当証書亡失届,子育て支援課,児童手当係,本庁舎10階,児童扶養手当証書を紛失し、再発行する時の手続き,,(03)5984-5824,https://www.city.nerima.tokyo.jp/kosodatekyoiku/kodomo/teateiryo/fuyoteate.html,
児童扶養手当の受給資格認定,児童扶養手当認定請求書,子育て支援課,児童手当係,本庁舎10階,離婚等でひとり親になった対象者の児童扶養手当の新規申請手続き,戸籍謄本等,(03)5984-5824,https://www.city.nerima.tokyo.jp/kosodatekyoiku/kodomo/teateiryo/fuyoteate.html,
児童扶養手当の変更届,児童扶養手当変更届,子育て支援課,児童手当係,本庁舎10階,受給者が転居した時の手続き,,(03)5984-5824,https://www.city.nerima.tokyo.jp/kosodatekyoiku/kodomo/teateiryo/fuyoteate.html,
児童扶養手当の変更届,児童扶養手当変更届,子育て支援課,児童手当係,本庁舎10階,受給者や対象児童の氏名が変更になった時の手続き,戸籍謄本等,(03)5984-5824,https://www.city.nerima.tokyo.jp/kosodatekyoiku/kodomo/teateiryo/fuyoteate.html,
支払口座振替の変更届,支払口座振替変更届,子育て支援課,児童手当係,本庁舎10階,児童扶養手当の口座の変更の手続き,,(03)5984-5824,https://www.city.nerima.tokyo.jp/kosodatekyoiku/kodomo/teateiryo/fuyoteate.html,
口座変更届（児童手当・児童育成手当・児童扶養手当共通）,支払金口座振替変更届,子育て支援課,児童手当係,本庁舎10階,手当振り込み口座の変更手続き,,(03)5984-5824,https://www.city.nerima.tokyo.jp/kosodatekyoiku/kodomo/teateiryo/fuyoteate.html,
口座変更届（児童育成手当）,支払金口座振替変更届,子育て支援課,児童手当係,本庁舎10階,手当振り込み口座の変更手続き,,(03)5984-5824,https://www.city.nerima.tokyo.jp/kosodatekyoiku/kodomo/teateiryo/fuyoteate.html,
特別児童扶養手当の増額改定,特別児童扶養手当額改定請求書,子育て支援課,児童手当係,本庁舎10階,対象児童の障害追加等に伴う特別児童扶養手当の増額の手続き,戸籍謄本、診断書等,(03)5984-5824,https://www.city.nerima.tokyo.jp/kosodatekyoiku/kodomo/teateiryo/tokubetujidoufuyou.html,
特別児童扶養手当の減額改定,特別児童扶養手当額改定届,子育て支援課,児童手当係,本庁舎10階,対象児童の施設入所等に伴う特別児童扶養手当の減額の手続き,施設入所等分かる書類,(03)5984-5824,https://www.city.nerima.tokyo.jp/kosodatekyoiku/kodomo/teateiryo/tokubetujidoufuyou.html,
特別児童扶養手当の受給資格の消滅,特別児童扶養手当資格喪失届,子育て支援課,児童手当係,本庁舎10階,対象児童の施設入所等に伴う特別児童扶養手当の消滅の手続き,施設入所等分かる書類,(03)5984-5824,https://www.city.nerima.tokyo.jp/kosodatekyoiku/kodomo/teateiryo/tokubetujidoufuyou.html,
特別児童扶養手当の辞退届,特別児童扶養手当辞退届,子育て支援課,児童手当係,本庁舎10階,受給者が特別児童扶養手当を辞退する手続き,,(03)5984-5824,https://www.city.nerima.tokyo.jp/kosodatekyoiku/kodomo/teateiryo/tokubetujidoufuyou.html,
特別児童扶養手当の都外転入,特別児童扶養手当住所変更届【都外からの転入用】,子育て支援課,児童手当係,本庁舎10階,受給者が都外転入した時の手続き,特別児童扶養手当証書,(03)5984-5824,https://www.city.nerima.tokyo.jp/kosodatekyoiku/kodomo/teateiryo/tokubetujidoufuyou.html,
特別児童扶養手当の有期更新,特別児童扶養手当障害状況届,子育て支援課,児童手当係,本庁舎10階,対象児童の障害状況確認の手続き,身体障害者手帳・愛の手帳・診断書で該当する書類,(03)5984-5824,https://www.city.nerima.tokyo.jp/kosodatekyoiku/kodomo/teateiryo/tokubetujidoufuyou.html,
特別児童扶養手当証書の亡失届,特別児童扶養手当証書亡失届,子育て支援課,児童手当係,本庁舎10階,特別児童扶養手当証書を紛失し、再発行する時の手続き,,(03)5984-5824,https://www.city.nerima.tokyo.jp/kosodatekyoiku/kodomo/teateiryo/tokubetujidoufuyou.html,
特別児童扶養手当の現況届,特別児童扶養手当所得状況届,子育て支援課,児童手当係,本庁舎10階,手当更新の手続き,特別児童扶養手当証書、申立書等,(03)5984-5824,https://www.city.nerima.tokyo.jp/kosodatekyoiku/kodomo/teateiryo/tokubetujidoufuyou.html,
特別児童扶養手当の所得状況変更届,特別児童扶養手当所得状況変更届,子育て支援課,児童手当係,本庁舎10階,修正申告に伴う手当開始または手当停止の手続き,,(03)5984-5824,https://www.city.nerima.tokyo.jp/kosodatekyoiku/kodomo/teateiryo/tokubetujidoufuyou.html,
特別児童扶養手当の受給資格認定,特別児童扶養手当認定請求書,子育て支援課,児童手当係,本庁舎10階,障害のある対象児童の保護者による特別児童扶養手当の新規申請手続き,戸籍謄本、身体障害者手帳・愛の手帳・診断書で該当する書類、通帳またはキャッシュカードの写し,(03)5984-5824,https://www.city.nerima.tokyo.jp/kosodatekyoiku/kodomo/teateiryo/tokubetujidoufuyou.html,
特別児童扶養手当の振込先口座申出書,特別児童扶養手当振込先口座申出書,子育て支援課,児童手当係,本庁舎10階,特別児童扶養手当の口座の変更の手続き,通帳またはキャッシュカードの写し,(03)5984-5824,https://www.city.nerima.tokyo.jp/kosodatekyoiku/kodomo/teateiryo/tokubetujidoufuyou.html,
特別児童扶養手当の氏名変更,特別児童扶養手当変更届,子育て支援課,児童手当係,本庁舎10階,受給者や対象児童の氏名が変更になった時の手続き,戸籍謄本、特別児童扶養手当証書等,(03)5984-5824,https://www.city.nerima.tokyo.jp/kosodatekyoiku/kodomo/teateiryo/tokubetujidoufuyou.html,
特別児童扶養手当の都内転居,特別児童扶養手当変更届,子育て支援課,児童手当係,本庁舎10階,受給者が都内転居した時の手続き,,(03)5984-5824,https://www.city.nerima.tokyo.jp/kosodatekyoiku/kodomo/teateiryo/tokubetujidoufuyou.html,
ねりっこプラスの入会申請（１次締切）,ねりっこプラス　入会申請書,子育て支援課,放課後対策第一係,本庁舎10階,ねりっこプラスの入会に係る手続,,(03)5984-1519,https://www.city.nerima.tokyo.jp/kosodatekyoiku/kodomo/nerikkoclub/nerigakudo.html,
ねりっこプラスの入会申請（先着順）,"ねりっこプラス
入会申請書",子育て支援課,放課後対策第一係,本庁舎10階,ねりっこプラスの入会に係る手続,,(03)5984-1519,https://www.city.nerima.tokyo.jp/kosodatekyoiku/kodomo/nerikkoclub/nerigakudo.html,
ねりっこ学童クラブ・ねりっこプラス保育料の減免の申請,ねりっこ学童クラブ・ねりっこプラス保育料減額・免除申請書,子育て支援課,放課後対策第一係,本庁舎10階,学童クラブ保育料の減免の決定手続,,(03)5984-1519,https://www.city.nerima.tokyo.jp/kosodatekyoiku/kodomo/gakudo/hoikuryou.html,
第3子誕生祝金の申請,練馬区第3子誕生祝金支給申請書,子育て支援課,児童手当係,本庁舎10階,第3子以降の児童の出生時の祝金の申請手続き,,(03)5984-5824,https://www.city.nerima.tokyo.jp/kosodatekyoiku/shussan/iwaikin.html,
児童館の利用申込み,練馬区立児童館入館票、入館カード,子育て支援課,児童館係,本庁舎10階,児童館利用に係る登録、利用手続き,,(03)5984-5827,https://www.city.nerima.tokyo.jp/dl/shussan/jidokanshinsei.html,
練馬区立ねりっこ学童クラブの入会申請,練馬区立ねりっこ学童クラブ申請書等,子育て支援課,放課後対策第一係,本庁舎10階,ねりっこ学童クラブの入会に係る手続,就労証明書または申立書,(03)5984-1519,https://www.city.nerima.tokyo.jp/kosodatekyoiku/kodomo/gakudo/gakudo_gaiyou_2404.html,
ひとり親家庭等の医療費助成のための医療証の交付,ひとり親家庭等医療証交付申請書,子育て支援課,児童手当係,本庁舎10階,ひとり親家庭等の医療費助成のための医療証の交付申請手続き,戸籍謄本、健康保険証等,(03)5984-5824,https://www.city.nerima.tokyo.jp/hokenfukushi/iryo/iryojosei/hitorioya.html,
ひとり親家庭等の医療費助成費の支給決定,ひとり親家庭等医療助成費支給申請兼請求書,子育て支援課,児童手当係,本庁舎10階,自己負担した医療費の払い戻し申請手続き,医療機関の領収書等,(03)5984-5824,https://www.city.nerima.tokyo.jp/kosodatekyoiku/kodomo/teateiryo/haraimodoshi.html,
ひとり親家庭等の医療費助成のための医療証の再交付,ひとり親家庭等医療費助成制度　医療証再交付申請書,子育て支援課,児童手当係,本庁舎10階,ひとり親家庭等の医療費助成のための医療証の再交付申請手続き,,(03)5984-5824,https://www.city.nerima.tokyo.jp/kosodatekyoiku/kodomo/teateiryo/saikoufu.html,
ひとり親家庭等の医療費助成の受給資格の消滅届,ひとり親家庭等医療費助成制度　消滅届,子育て支援課,児童手当係,本庁舎10階,ひとり親家庭等の医療費助成の受給資格の消滅手続き,ひとり親家庭等医療証,(03)5984-5824,https://www.city.nerima.tokyo.jp/hokenfukushi/iryo/iryojosei/hitorioya.html,
ひとり親家庭等の医療費助成のための医療証の変更届（氏名）,ひとり親家庭等医療費助成制度　申請事項変更届,子育て支援課,児童手当係,本庁舎10階,ひとり親家庭等医療証登録内容の変更手続,戸籍謄本など,(03)5984-5824,https://www.city.nerima.tokyo.jp/hokenfukushi/iryo/iryojosei/hitorioya.html,
ひとり親家庭等の医療費助成のための医療証の変更届（住所）,ひとり親家庭等医療費助成制度　申請事項変更届,子育て支援課,児童手当係,本庁舎10階,ひとり親家庭等医療証登録内容の変更手続（住所）,,(03)5984-5824,https://www.city.nerima.tokyo.jp/hokenfukushi/iryo/iryojosei/hitorioya.html,
ひとり親家庭等の医療費助成のための医療証の変更届（扶養義務者）,ひとり親家庭等医療費助成制度　申請事項変更届,子育て支援課,児童手当係,本庁舎10階,ひとり親家庭等医療証登録内容の変更手続（扶養義務者）,,(03)5984-5824,https://www.city.nerima.tokyo.jp/hokenfukushi/iryo/iryojosei/hitorioya.html,
ひとり親家庭等の医療費助成のための医療証の変更届（その他）,ひとり親家庭等医療費助成制度　申請事項変更届,子育て支援課,児童手当係,本庁舎10階,ひとり親家庭等医療証登録内容の変更手続（その他）,,(03)5984-5824,https://www.city.nerima.tokyo.jp/hokenfukushi/iryo/iryojosei/hitorioya.html,
ひとり親家庭等の医療費助成のための医療証の変更届（健康保険）,ひとり親家庭等医療費助成制度　申請事項変更届,子育て支援課,児童手当係,本庁舎10階,ひとり親家庭等医療証登録内容の変更手続（健康保険）,健康保険証,(03)5984-5824,https://www.city.nerima.tokyo.jp/hokenfukushi/iryo/iryojosei/hitorioya.html,
ひとり親家庭等医療費助成制度現況届,ひとり親家庭等医療費助成制度現況届,子育て支援課,児童手当係,本庁舎10階,ひとり親医療証の更新手続き,住民登録地に関する申告書　など,(03)5984-5824,https://www.city.nerima.tokyo.jp/hokenfukushi/iryo/iryojosei/hitorioya.html,
ひとり親家庭等認定調書（離婚）,ひとり親家庭等認定調書,子育て支援課,児童手当係,本庁舎10階,ひとり親家庭等医療証の交付申請手続き時に記載するもの,戸籍謄本,(03)5984-5824,https://www.city.nerima.tokyo.jp/hokenfukushi/iryo/iryojosei/hitorioya.html,
ひとり親家庭等認定調書（死亡）,ひとり親家庭等認定調書,子育て支援課,児童手当係,本庁舎10階,ひとり親家庭等医療証の交付申請手続き時に記載するもの,戸籍謄本,(03)5984-5824,https://www.city.nerima.tokyo.jp/hokenfukushi/iryo/iryojosei/hitorioya.html,
ひとり親家庭等認定調書（障害）,ひとり親家庭等認定調書,子育て支援課,児童手当係,本庁舎10階,ひとり親家庭等医療証の交付申請手続き時に記載するもの,診断書など,(03)5984-5824,https://www.city.nerima.tokyo.jp/hokenfukushi/iryo/iryojosei/hitorioya.html,
ひとり親家庭等認定調書（生死不明）,ひとり親家庭等認定調書,子育て支援課,児童手当係,本庁舎10階,ひとり親家庭等医療証の交付申請手続き時に記載するもの,生死不明を証明する書類,(03)5984-5824,https://www.city.nerima.tokyo.jp/hokenfukushi/iryo/iryojosei/hitorioya.html,
ひとり親家庭等認定調書（遺棄）,ひとり親家庭等認定調書,子育て支援課,児童手当係,本庁舎10階,ひとり親家庭等医療証の交付申請手続き時に記載するもの,遺棄の申立書など,(03)5984-5824,https://www.city.nerima.tokyo.jp/hokenfukushi/iryo/iryojosei/hitorioya.html,
ひとり親家庭等認定調書（保護命令）,ひとり親家庭等認定調書,子育て支援課,児童手当係,本庁舎10階,ひとり親家庭等医療証の交付申請手続き時に記載するもの,保護命令の確定証明書,(03)5984-5824,https://www.city.nerima.tokyo.jp/hokenfukushi/iryo/iryojosei/hitorioya.html,
ひとり親家庭等認定調書（拘禁）,ひとり親家庭等認定調書,子育て支援課,児童手当係,本庁舎10階,ひとり親家庭等医療証の交付申請手続き時に記載するもの,拘禁証明書,(03)5984-5824,https://www.city.nerima.tokyo.jp/hokenfukushi/iryo/iryojosei/hitorioya.html,
ひとり親家庭等認定調書（未婚）,ひとり親家庭等認定調書,子育て支援課,児童手当係,本庁舎10階,ひとり親家庭等医療証の交付申請手続き時に記載するもの,戸籍謄本,(03)5984-5824,https://www.city.nerima.tokyo.jp/hokenfukushi/iryo/iryojosei/hitorioya.html,
ひとり親家庭等認定調書（父母死亡およびその他）,ひとり親家庭等認定調書,子育て支援課,児童手当係,本庁舎10階,ひとり親家庭等医療証の交付申請手続き時に記載するもの,戸籍謄本,(03)5984-5824,https://www.city.nerima.tokyo.jp/hokenfukushi/iryo/iryojosei/hitorioya.html,
ひとり親家庭等の医療費助成の対象児童減員届,ひとり親家庭等医療費助成制度　申請事項変更（減員）届,子育て支援課,児童手当係,本庁舎10階,ひとり親家庭等医療証登録内容の変更手続（減員）,ひとり親家庭等医療証,(03)5984-5824,https://www.city.nerima.tokyo.jp/hokenfukushi/iryo/iryojosei/hitorioya.html,
ひとり親家庭等の医療費助成の対象児童増員届,ひとり親家庭等医療費助成制度　申請事項変更（増員）届,子育て支援課,児童手当係,本庁舎10階,ひとり親家庭等医療証登録内容の変更手続,戸籍謄本など,(03)5984-5824,https://www.city.nerima.tokyo.jp/hokenfukushi/iryo/iryojosei/hitorioya.html,
学童クラブ延長または繰上時間の承認に係る審査,保育および指導時間の延長・繰上げ申請書,子育て支援課,放課後対策第一係,本庁舎10階,学童クラブの延長を希望の際に届け出る,,(03)5984-1519,https://www.city.nerima.tokyo.jp/kosodatekyoiku/kodomo/nerikkoclub/nerigakudo.ht,
未支払いの特別児童扶養手当,未支払特別児童扶養手当請求書,子育て支援課,児童手当係,本庁舎10階,手当受給者が死亡した場合に、対象児童の口座に手当を振り込むための手続き,,(03)5984-5824,https://www.city.nerima.tokyo.jp/kosodatekyoiku/kodomo/teateiryo/tokubetujidoufuyou.html,
学童クラブ保育料口座振替手続き,口座振替（自動払込）依頼書,子育て支援課,放課後対策第一係,本庁舎10階,学童クラブ保育料口座振替手続き,,(03)5984-1519,https://www.city.nerima.tokyo.jp/kosodatekyoiku/kodomo/gakudo/hoikuryou.html,https://www.city.nerima.tokyo.jp/online/webkouzafurikae.html
"育成手当の変更届　
（氏名）",児童育成手当受給者等氏名住所変更届,子育て支援課,児童手当係,本庁舎10階,受給者・児童の氏名変更に伴う手続き,戸籍謄本,(03)5984-5824,https://www.city.nerima.tokyo.jp/kosodatekyoiku/kodomo/teateiryo/ikuseiteate.html,
"育成手当の変更届
（住所）",児童育成手当受給者等氏名住所変更届,子育て支援課,児童手当係,本庁舎10階,受給者・児童の区内転居に伴う変更手続き,原則なしだが、児童が区外に転出した場合、住民票や申立書を求めるケースがある。,(03)5984-5824,https://www.city.nerima.tokyo.jp/kosodatekyoiku/kodomo/teateiryo/ikuseiteate.html,
児童育成手当の受給資格の消滅,児童育成手当受給事由消滅届,子育て支援課,児童手当係,本庁舎10階,施設入所等により手当の支給要件を満たさなくなった場合の手続き,施設入所した日がわかる措置決定通知書等,(03)5984-5824,https://www.city.nerima.tokyo.jp/kosodatekyoiku/kodomo/teateiryo/ikuseiteate.html,
児童手当の現況届,児童手当・特例給付　現況届,子育て支援課,児童手当係,本庁舎10階,児童手当を継続して受給するための手続き,原則なしだが、住所要件等申立書を求める場合がある。,(03)5984-5824,https://www.city.nerima.tokyo.jp/kosodatekyoiku/kodomo/teateiryo/jidouteate20120401.html,
児童手当・特例給付の変更届(住所),児童手当・特例給付氏名住所等変更届,子育て支援課,児童手当係,本庁舎10階,受給者・児童の区内転居に伴う変更手続き,,(03)5984-5824,https://www.city.nerima.tokyo.jp/kosodatekyoiku/kodomo/teateiryo/jidouteate20120401.html,
児童手当・特例給付の変更届　（個人番号）,児童手当・特例給付氏名住所等変更届,子育て支援課,児童手当係,本庁舎10階,個人番号が変更になった場合の手続き,,(03)5984-5824,https://www.city.nerima.tokyo.jp/kosodatekyoiku/kodomo/teateiryo/jidouteate20120401.html,
児童手当・特例給付の変更届　（氏名）,児童手当・特例給付氏名住所等変更届,子育て支援課,児童手当係,本庁舎10階,受給者と児童もしくは、どちらかの氏名が変わった場合,,(03)5984-5824,https://www.city.nerima.tokyo.jp/kosodatekyoiku/kodomo/teateiryo/jidouteate20120401.html,
ねりっこ学童クラブ・ねりっこプラス延長または繰上時間の承認に係る審査,保育および指導時間の延長・繰上げ申請書,子育て支援課,放課後対策第一係,本庁舎10階,学童クラブの延長を希望の際に届け出る,,(03)5984-1519,https://www.city.nerima.tokyo.jp/kosodatekyoiku/kodomo/nerikkoclub/nerigakudo.ht,
「ランドセル来館」・「昼食場所の提供」利用登録申請,,子育て支援課,児童館係,本庁舎10階,区立学童クラブを待機となった児童が利用できる事業への登録手続き,,(03)5984-5827,https://www.city.nerima.tokyo.jp/kosodatekyoiku/kodomo/gakudo/gakudo_gaiyou_2404.html,
子ども医療証（マル青）の別居監護申立書,マル青子ども医療証交付申請書 別居監護申立書,子育て支援課,児童手当係,本庁舎10階,児童が別居している申請者が医療証の交付申請または登録内容の変更手続き時に記載するもの,,(03)5984-5824,https://www.city.nerima.tokyo.jp/kosodatekyoiku/kodomo/teateiryo/josei.html,
子ども医療証（マル青）の誰からも監護されていないことの申立書,誰からも監護されていないことの申立書,子育て支援課,児童手当係,本庁舎10階,保護者から監護されていない児童が医療証の交付申請または登録内容の変更手続き時に記載するもの,,(03)5984-5824,https://www.city.nerima.tokyo.jp/kosodatekyoiku/kodomo/teateiryo/josei.html,
子ども医療証の更新に関する同意書（マル子⇒マル青）,子ども医療証の更新に関する同意書（マル子⇒マル青）,子育て支援課,児童手当係,本庁舎10階,"子ども医療証の更新に関する手続
（一部対象者のみ）",,(03)5984-5824,https://www.city.nerima.tokyo.jp/kosodatekyoiku/kodomo/teateiryo/josei.html,
1歳児1年保育の利用申請,１歳児１年保育利用申込書,保育課,保育支援係,本庁舎10階,1歳児1年保育を利用する場合の手続き,,(03)5984-1491,https://www.city.nerima.tokyo.jp/kosodatekyoiku/kodomo/hoiku/1sai-1nen.html,
1歳児1年保育利用辞退・中止届,1歳児1年保育利用辞退・中止届,保育課,保育支援係,本庁舎10階,1歳児1年保育利用辞退・中止の届出をする手続き,,(03)5984-1491,https://www.city.nerima.tokyo.jp/kosodatekyoiku/kodomo/hoiku/1sai-1nen.html,
1歳児1年保育利用料減額・免除申請,1歳児1年保育利用料減額・免除申請書,保育課,保育支援係,本庁舎10階,1歳児1年保育利用料減額・免除の申請をする手続き,,(03)5984-1491,https://www.city.nerima.tokyo.jp/kosodatekyoiku/kodomo/hoiku/1sai-1nen.html,
1歳児1年保育利用区分変更申し込み,1歳児1年保育利用区分変更申込書,保育課,保育支援係,本庁舎10階,1歳児1年保育利用区分変更の申し込みをする手続き,,(03)5984-1491,https://www.city.nerima.tokyo.jp/kosodatekyoiku/kodomo/hoiku/1sai-1nen.html,
1歳児1年保育利用申込内容変更届,1歳児1年保育利用申込内容変更届,保育課,保育支援係,本庁舎10階,1歳児1年保育利用申込内容の変更を届出る手続き,,(03)5984-1491,https://www.city.nerima.tokyo.jp/kosodatekyoiku/kodomo/hoiku/1sai-1nen.html,
延長保育の利用の解除,延長保育辞退届,保育課,保育認定係,本庁舎10階,延長保育の利用開始後に、利用解除を届け出る手続き,,(03)5984-1479,https://www.city.nerima.tokyo.jp/shisetsu/kodomo/hoikuenlist/enchou-hoiku.html,
休日保育の利用申込の取下げ・内定辞退,休日保育辞退届,保育課,入園相談係,本庁舎10階,休日保育の利用承諾前に、利用辞退を申し出る手続き,,(03)5984-5848,https://www.city.nerima.tokyo.jp/shisetsu/kodomo/hoikuenlist/enchou-hoiku.html,
休日保育の利用申込,休日保育申込書,保育課,入園相談係,本庁舎10階,休日保育の利用を申し込むための手続き,,(03)5984-5848,https://www.city.nerima.tokyo.jp/shisetsu/kodomo/hoikuenlist/enchou-hoiku.html,
保育所等の利用申込（認定こども園および地域型保育事業のあっせんも含む）,教育・保育給付認定申請書兼保育園等利用申込書,保育課,入園相談係,本庁舎10階,保育の利用を希望する際に、申し込むための手続き,,(03)5984-5848,https://www.city.nerima.tokyo.jp/shisetsu/kodomo/hoikuenlist/enchou-hoiku.html,
保育所等の利用申込の取下げ・内定辞退,保育園等内定辞退届・利用申込取下げ書,保育課,入園相談係,本庁舎10階,保育の利用承諾前に、利用辞退を申し出る手続き,,(03)5984-5848,https://www.city.nerima.tokyo.jp/shisetsu/kodomo/hoikuenlist/enchou-hoiku.html,
保育所等の利用申込内容の変更,教育・保育給付認定申請申請変更届兼・保育園等利用申込内容変更届,保育課,入園相談係,本庁舎10階,保育の利用の希望内容の変更を届け出る手続き,,(03)5984-5848,https://www.city.nerima.tokyo.jp/shisetsu/kodomo/hoikuenlist/enchou-hoiku.html,
延長保育の利用申込の取下げ・内定辞退,保育園等内定辞退届・利用申込取下げ書,保育課,入園相談係,本庁舎10階,延長保育の利用承諾前に、利用辞退を申し出る手続き,,(03)5984-5848,https://www.city.nerima.tokyo.jp/shisetsu/kodomo/hoikuenlist/enchou-hoiku.html,
延長保育の利用申込,延長保育申込書,保育課,入園相談係,本庁舎10階,延長保育の利用を申し込むための手続き,,(03)5984-5848,https://www.city.nerima.tokyo.jp/shisetsu/kodomo/hoikuenlist/enchou-hoiku.html,
保育の現況調査,現況届,保育課,保育認定係,本庁舎10階,在園世帯の家庭状況を調査し、保育の必要性の認定を確認する際の手続き,就労証明書等が必要,(03)5984-1479,https://www.city.nerima.tokyo.jp/kosodatekyoiku/kodomo/hoiku/hoikuen/zaien/hoikushikyuunintei.html,
施設等利用給付認定,子育てのための施設等利用給付認定申請書,保育課,保育認定係,本庁舎10階,幼児教育・保育の無償化にあたり保育の必要性の認定を受ける上での手続き,就労証明書等が必要,(03)5984-1479,https://www.city.nerima.tokyo.jp/kosodatekyoiku/kodomo/hoiku/hoikuen/zaien/hoikushikyuunintei.html,
施設等利用給付認定の変更,子育てのための施設等利用給付認定変更申請書兼施設等利用給付認定変更届,保育課,保育認定係,本庁舎10階,幼児教育・保育の無償化にあたり保育の必要性の認定を変更する上での手続き,就労証明書等が必要,(03)5984-1479,https://www.city.nerima.tokyo.jp/kosodatekyoiku/kodomo/hoiku/hoikuen/zaien/hoikushikyuunintei.html,
施設等利用費の請求（償還払）,施設等利用費請求書（償還払用）,保育課,保育サービス推進係,本庁舎10階,保護者が施設等利用費を区へ請求する,保護者の同意書が必要,(03)5984-1622,https://www.city.nerima.tokyo.jp/dl/shussan/ninkagaijosei.html,
保育の利用の解除,退園（継続通園）届,保育課,保育認定係,本庁舎10階,在園児童が転居等により保育施設を退園する際の手続き,,(03)5984-1479,https://www.city.nerima.tokyo.jp/dl/shussan/hoikuen.html#cms7E206,
保育園継続通園申請,退園（継続通園）届,保育課,保育認定係,本庁舎10階,練馬区転居後も区内認可保育園を継続して利用する際の手続き,,(03)5984-1479,https://www.city.nerima.tokyo.jp/dl/shussan/hoikuen.html#cms7E206,
短期特例保育利用料減免申請,短期特例保育保育料免除申請書,保育課,保育サービス推進係,本庁舎10階,短期特例保育利用料の減免申請受付、審査、免除（減額）決定・非該当通知書の交付を行う手続き,,(03)5984-1622,https://www.city.nerima.tokyo.jp/dl/shussan/byogoji.html,
延長保育の利用の停止,通園停止申請書,保育課,保育認定係,本庁舎10階,延長保育の利用開始後に、利用停止を届け出る手続き,,(03)5984-1479,https://www.city.nerima.tokyo.jp/kosodatekyoiku/kodomo/hoiku/hoikuen/zaien/hoikuryou/hoikuryou.html,
保育の利用の停止,通園停止申請書,保育課,保育認定係,本庁舎10階,在園児童の病気等により一時的に通所できなくなった際の手続き,,(03)5984-1479,https://www.city.nerima.tokyo.jp/kosodatekyoiku/kodomo/hoiku/hoikuen/zaien/hoikuryou/hoikuryou.html,
補助金の申請（認可外保育施設保育料補助金・償還払）,練馬区認可外保育施設保育料補助金交付申請書（償還払用）,保育課,保育サービス推進係,本庁舎10階,保護者が区へ当該補助金の申請をする手続き(申請),保護者の同意書、月ぎめ利用契約書の写し、領収書の写しが必要,(03)5984-1622,https://www.city.nerima.tokyo.jp/dl/shussan/ninkagaijosei.html,
短期特例保育利用申し込み,保育委託申込書,保育課,保育サービス推進係,本庁舎10階,利用の申し込み,必ず初めに保育サービス推進係までお電話ください,(03)5984-1622,https://www.city.nerima.tokyo.jp/kosodatekyoiku/kodomo/hoiku/tokurei.html,
保育料（延長保育料）の減額,保育料減額申請書,保育課,保育認定係,本庁舎10階,保育料を減額する際の手続き,医療費の領収書等が必要,(03)5984-1479,https://www.city.nerima.tokyo.jp/dl/shussan/hoikuen.html,
保育料支払証明書の申請,保育料支払証明書発行依頼書,保育課,保育認定係,本庁舎10階,保育料の支払い状況の証明書を発行する際の手続き,,(03)5984-1479,https://www.city.nerima.tokyo.jp/dl/shussan/hoikuen.html,
保育料負担軽減,保育料負担軽減届出書,保育課,保育認定係,本庁舎10階,保育料の負担を軽減する際の手続き,障害者手帳が必要,(03)5984-1479,https://www.city.nerima.tokyo.jp/kosodatekyoiku/kodomo/hoiku/hoikuen/zaien/hoikuryou/hoikuryou.html,
教育・保育給付認定,教育・保育給付認定申請書兼保育園等利用申込書,保育課,保育認定係,本庁舎10階,保育園等を利用するにあたり保育の必要性の認定を受ける上での手続き,就労証明書等が必要,(03)5984-1479,https://www.city.nerima.tokyo.jp/kosodatekyoiku/kodomo/hoiku/youhomusyou/mushoukanintei.html,
教育・保育給付認定の変更,子どものための教育・保育給付認定変更申請書兼教育・保育給付認定変更届,保育課,保育認定係,本庁舎10階,保育の必要性の認定を変更する上での手続き,就労証明書等,(03)5984-1479,https://www.city.nerima.tokyo.jp/kosodatekyoiku/kodomo/hoiku/youhomusyou/mushoukanintei.html,
退園届（地域型保育事業）,退園届（地域型保育事業）,保育課,保育認定係,本庁舎10階,保護者から直接ではなく、地域型保育施設を経由して利用児童退園届の写しを受理し、地域型保育施設の利用を終了する手続き,,(03)5984-1479,https://www.city.nerima.tokyo.jp/dl/shussan/hoikuen.html,
保育園在園証明書の申請,保育園在園証明書発行依頼書,保育課,保育認定係,本庁舎10階,保育園に在籍している証明書を発行する際の手続き,,(03)5984-1479,https://www.city.nerima.tokyo.jp/dl/shussan/hoikuen.html,
病児・病後児保育利用登録申請,練馬区病児・病後児保育利用登録（申請）書,保育課,保育サービス推進係,本庁舎10階,利用登録の申請,,(03)5984-1622,https://www.city.nerima.tokyo.jp/dl/shussan/byogoji.html,
病児・病後児保育利用料減額、免除申請,練馬区病児・病後児保育利用料免除(減免)申請書,保育課,保育サービス推進係,本庁舎10階,利用料減額、免除の申請,非課税証明書、生保受給証等が必要,(03)5984-1622,https://www.city.nerima.tokyo.jp/dl/shussan/byogoji.html,
音楽練習室利用団体の登録,音楽練習室利用登録申請書,,南大泉青少年館,南大泉1-44-7,申請者は音楽練習室利用講習会を受講した後、青少年館に音楽練習室利用登録申請書を提出する。,,(03)3998-5341,https://www.city.nerima.tokyo.jp/kosodatekyoiku/kyoiku/seishonen/seishonenshisetsu/seishonen/minamioizumiseishoun/ongakushitsu.html,
青少年キャンプ場集会所の利用,青少年キャンプ場の利用申請書,青少年課,青少年係,本庁舎11階,キャンプ場集会室を利用しようとする団体から区へ提出された申請を承認する手続き,利用申請書が必要,(03)5984-4691,https://www.city.nerima.tokyo.jp/kosodatekyoiku/kyoiku/seishonen/camp/moushikomi.html,
青少年キャンプ場の利用申請,青少年キャンプ場の利用申請書,青少年課,青少年係,本庁舎11階,キャンプ場を利用する際に利用者から区へ申請を行う手続き,利用申請書、名簿、行動計画書が必要,(03)5984-4691,https://www.city.nerima.tokyo.jp/kosodatekyoiku/kyoiku/seishonen/camp/moushikomi.html,
"乳幼児一時預かり事業
利用登録申請",乳幼児一時預かり事業利用登録申請書,子ども家庭支援センター,育児支援係,豊玉北5-28-3,乳幼児一時預かり事業を利用するための登録申請,乳幼児一時預かり利用票、乳幼児医療証、母子健康手帳が必要,(03)5984-5673,https://www.city.nerima.tokyo.jp/kosodatekyoiku/kodomo/hoiku/itijiteki_hoiku/nyuuyoujiazukari.html,https://www.nerima-piyopiyo.com/piyopiyo/
"乳幼児一時預かり事業
利用申請",乳幼児一時預かり事業利用申請書,子ども家庭支援センター,育児支援係,豊玉北5-28-3,乳幼児一時預かり事業の利用申請,,(03)5984-5673,https://www.city.nerima.tokyo.jp/kosodatekyoiku/kodomo/hoiku/itijiteki_hoiku/nyuuyoujiazukari.html,https://www.nerima-piyopiyo.com/piyopiyo/
"乳幼児一時預かり事業
利用承認取消申請",利用承認取消申請書,子ども家庭支援センター,育児支援係,豊玉北5-28-3,乳幼児一時預かり事業の利用の承認を取り消す申請書（事前キャンセル）,,(03)5984-5673,https://www.city.nerima.tokyo.jp/kosodatekyoiku/kodomo/hoiku/itijiteki_hoiku/nyuuyoujiazukari.html,https://www.nerima-piyopiyo.com/piyopiyo/
育児支援ヘルパー事業利用申請,練馬区育児支援ヘルパー事業利用申請書,子ども家庭支援センター,育児支援係,豊玉北5-28-3,育児支援ヘルパー事業を利用する際の利用承認を受けるための申請,母子健康手帳・非課税証明書・生活保護受給証明書が必要,(03)5984-5673,https://www.city.nerima.tokyo.jp/kosodatekyoiku/kodomo/sodan/kodomokateicenter/helper.html,
育児支援ヘルパー事業変更申請,練馬区育児支援ヘルパー事業変更申請書,子ども家庭支援センター,育児支援係,豊玉北5-28-3,育児支援ヘルパー事業の申請内容が変更した場合に申請する,母子健康手帳・変更内容がわかる書類,(03)5984-5673,https://www.city.nerima.tokyo.jp/kosodatekyoiku/kodomo/sodan/kodomokateicenter/helper.html,
子どもトワイライトステイ（夜間一時保育）,"利用要件証明書,利用要件申立書",子ども家庭支援センター,育児支援係,豊玉北5-28-3,トワイライトステイ事業を利用するための登録申請,あらかじめご利用施設で親子面談（登録）が必要,(03)5984-5673,https://www.city.nerima.tokyo.jp/kosodatekyoiku/kodomo/hoiku/twilightstay.html,
子どもショートステイ,"利用要件証明書,利用要件申立書",子ども家庭支援センター,育児支援係,豊玉北5-28-3,子どもショートステイ事業を利用するための登録申請,あらかじめご利用施設で親子面談（登録）が必要,(03)5984-5673,https://www.city.nerima.tokyo.jp/kosodatekyoiku/kodomo/hoiku/shortstay.html,
子育てスタート応援券の再交付申請,練馬区子育てスタート応援券交付申請書,子ども家庭支援センター,育児支援係,豊玉北5-28-3,子育てスタート応援券の再交付申請,,(03)5984-5673,https://www.city.nerima.tokyo.jp/kosodatekyoiku/kodomo/sodan/kodomokateicenter/kododateouenken.html,
ファミリーサポートの利用会員登録申請,練馬区ファミリーサポート事業利用会員入会申込兼登録書,,練馬区ファミリーサポートセンター,豊玉北5-18-12,ファミリーサポートの利用会員登録申請,,(03)3993-4100,https://www.city.nerima.tokyo.jp/kosodatekyoiku/kodomo/hoiku/itijiteki_hoiku/famisapohome.html,
